DEBUG_CONFIG_NAME: anemoi-training-rrfs-lam-neural-lam-verify-202405-3h-refc-value-base_3_v1-refc-input-no-hydrometeors-finer-graph-v1-single-input-day20240505
DEBUG_VERIFY_ROOT: /scratch3/NCEPDEV/fv3-cam/Ting.Lei/tlei-anemoi-training/base_3_v1_graphtransformer_finer_graph_v1_single_input_refc_input_no_hydrometeors/verify_3h_day20240505/
DEBUG_DATASET_PATH: /scratch3/NCEPDEV/fv3-cam/Ting.Lei/dr-anemoi-core/anemoi-core/tmp/rrfs-monthly/rrfs-conus-3km-202405-bcmask-time-s.zarr
DEBUG_DATASET_LEN: 24
DEBUG_DATASET_START: 2024-05-05T00:00:00
DEBUG_DATASET_END: 2024-05-05T23:00:00
DEBUG_CONFIG_SAVED: /scratch3/NCEPDEV/fv3-cam/Ting.Lei/tmp-verify-resolved-day20240505-3h-refc-value-base_3_v1-refc-input-no-hydrometeors-finer-graph-v1-single-input.yaml
[2026-05-22 03:57:58,087][anemoi.training.train.train][INFO] - Config validated.
[2026-05-22 03:57:58,115][anemoi.training.train.train][INFO] - Starting from checkpoint: True
[2026-05-22 03:57:58,115][anemoi.training.train.train][INFO] - Run id: 5a4203f8-8bf4-4e66-bd92-4726084c4588
[2026-05-22 03:57:58,116][anemoi.training.train.train][INFO] - Checkpoints path: {'root': PosixPath('/scratch3/NCEPDEV/fv3-cam/Ting.Lei/tlei-anemoi-training/base_3_v1_graphtransformer_finer_graph_v1_single_input_refc_input_no_hydrometeors/verify_3h_day20240505/checkpoint/5a4203f8-8bf4-4e66-bd92-4726084c4588'), 'every_n_epochs': 'anemoi-by_epoch-epoch_{epoch:03d}-step_{step:06d}', 'every_n_train_steps': 'anemoi-by_step-epoch_{epoch:03d}-step_{step:06d}', 'every_n_minutes': 'anemoi-by_time-epoch_{epoch:03d}-step_{step:06d}'}
[2026-05-22 03:57:58,116][anemoi.training.train.train][INFO] - Plots path: /scratch3/NCEPDEV/fv3-cam/Ting.Lei/tlei-anemoi-training/base_3_v1_graphtransformer_finer_graph_v1_single_input_refc_input_no_hydrometeors/verify_3h_day20240505/plots/5a4203f8-8bf4-4e66-bd92-4726084c4588
[2026-05-22 03:57:58,116][anemoi.training.train.train][INFO] - Creating graph for dataset 'data'
[2026-05-22 03:58:04,112][anemoi.training.train.train][INFO] - Loading graph data from /scratch3/NCEPDEV/fv3-cam/Ting.Lei/tlei-anemoi-training/graphs/rrfs-3km-lam-graph-finer_graph_v1_data.pt
[2026-05-22 03:58:04,644][anemoi.training.data.datamodule][INFO] - Initializing multi-dataset module with datasets: ['data']
[2026-05-22 03:58:04,645][anemoi.training.data.datamodule][WARNING] - Falling back rollout to: 3
[2026-05-22 03:58:04,646][anemoi.training.data.grid_indices][INFO] - The graph attribute indices_connected_nodes of the data nodes will be used to masking the spatial dimension.
[2026-05-22 03:58:04,654][anemoi.training.data.dataset][INFO] - Creating NativeGridDataset...
[2026-05-22 03:58:04,685][anemoi.training.data.multidataset][INFO] - Timeincrement set to 1 for data with frequency, 3600, and timestep, 3600
[2026-05-22 03:58:04,685][anemoi.training.data.multidataset][INFO] - Dataset 'data' has 21 valid indices
[2026-05-22 03:58:04,685][anemoi.training.data.multidataset][INFO] - MultiDataset has 21 valid indices after intersection.
[2026-05-22 03:58:04,685][anemoi.training.data.multidataset][INFO] - MultiDataset initialized with 1 datasets (data), 21 valid indices each
[2026-05-22 03:58:04,685][anemoi.training.train.train][INFO] - Dataset 'data' - Number of variables: 25
[2026-05-22 03:58:04,685][anemoi.training.train.train][INFO] - Dataset 'data' - Variables: ['height_200', 'height_500', 'height_850', 'height_925', 'landcover', 'orography', 'pres_0g', 'refc', 'sphum_200', 'sphum_500', 'sphum_850', 'sphum_925', 'swdown', 'temp_200', 'temp_500', 'temp_850', 'temp_925', 'ugrd_200', 'ugrd_500', 'ugrd_850', 'ugrd_925', 'vgrd_200', 'vgrd_500', 'vgrd_850', 'vgrd_925']
[2026-05-22 03:58:04,687][anemoi.training.train.train][INFO] - Dataset 'data' - Total number of prognostic variables: 22
[2026-05-22 03:58:04,687][anemoi.training.train.train][INFO] - Dataset 'data' - Total number of auxiliary variables: 3
[2026-05-22 03:58:04,687][anemoi.training.train.train][INFO] - Total GPU count / model group size: 1 - NB: the learning rate will be scaled by this factor!
[2026-05-22 03:58:04,687][anemoi.training.train.train][INFO] - Effective learning rate: 0.000e+00
[2026-05-22 03:58:04,687][anemoi.training.train.train][INFO] - Training limits: max_epochs=1, max_steps=1. Training will stop when either limit is reached first. Learning rate scheduler will run for 1 steps.
[2026-05-22 03:58:05,654][anemoi.training.diagnostics.plots][WARNING] - Datashader unavailable (Numba needs NumPy 2.2 or less. Got NumPy 2.4.). Falling back to matplotlib plots.
[2026-05-22 03:58:05,764][anemoi.training.diagnostics.callbacks.plot][INFO] - Using defined accumulation colormap for fields: []
[2026-05-22 03:58:05,765][anemoi.training.diagnostics.callbacks][INFO] - Using progress bar: <class 'pytorch_lightning.callbacks.progress.tqdm_progress.TQDMProgressBar'>
[2026-05-22 03:58:06,109][anemoi.models.migrations.migrator][INFO] - Loading migration 1755530253_initial
[2026-05-22 03:58:06,110][anemoi.models.migrations.migrator][INFO] - Loading migration 1762857427_deprecate_eda
[2026-05-22 03:58:06,110][anemoi.models.migrations.migrator][INFO] - Loading migration 1762857428_chunking_fix
[2026-05-22 03:58:06,110][anemoi.models.migrations.migrator][INFO] - Loading migration 1763479917_hardware_schema_update
[2026-05-22 03:58:06,110][anemoi.models.migrations.migrator][INFO] - Loading migration 1763479918_refactor_mapper
[2026-05-22 03:58:06,110][anemoi.models.migrations.migrator][INFO] - Loading migration 1767108147_move_to_multiple_datasets
[2026-05-22 03:58:06,172][pytorch_lightning.utilities.rank_zero][INFO] - Using 16bit Automatic Mixed Precision (AMP)
[2026-05-22 03:58:06,206][pytorch_lightning.utilities.rank_zero][INFO] - GPU available: True (cuda), used: True
[2026-05-22 03:58:06,206][pytorch_lightning.utilities.rank_zero][INFO] - TPU available: False, using: 0 TPU cores
[2026-05-22 03:58:06,206][pytorch_lightning.utilities.rank_zero][INFO] - HPU available: False, using: 0 HPUs
[2026-05-22 03:58:06,207][lightning_fabric.utilities.seed][INFO] - [rank: 0] Seed set to 12345
[2026-05-22 03:58:06,404][anemoi.training.train.train][INFO] - Initial seed: Rank 0, initial seed 12345, running with random seed: 12345
[2026-05-22 03:58:43,404][anemoi.training.data.datamodule][WARNING] - Falling back rollout to: 3
[2026-05-22 03:58:43,639][anemoi.training.train.train][INFO] - Resuming training from last checkpoint: /scratch3/NCEPDEV/fv3-cam/Ting.Lei/tlei-anemoi-training/base_3_v1_graphtransformer_finer_graph_v1_single_input_refc_input_no_hydrometeors/checkpoint/6a2d7c51-9d1e-4a41-9e5a-ea8d7412d36e/inference-last.ckpt
[2026-05-22 03:58:44,919][anemoi.training.train.train][INFO] - Checkpoint role debug: checkpoint /scratch3/NCEPDEV/fv3-cam/Ting.Lei/tlei-anemoi-training/base_3_v1_graphtransformer_finer_graph_v1_single_input_refc_input_no_hydrometeors/checkpoint/6a2d7c51-9d1e-4a41-9e5a-ea8d7412d36e/inference-last.ckpt is not a dict; skipping role inspection.
[2026-05-22 03:58:44,967][anemoi.models.preprocessing.normalizer][INFO] - Normalizing: landcover is not normalized.
[2026-05-22 03:58:44,967][anemoi.models.preprocessing.normalizer][INFO] - Normalizing: swdown is not normalized.
[2026-05-22 03:58:45,011][anemoi.models.models.base][INFO] - Model runtime dims [data]: num_channels=1024, n_step_input=1, model_input_vars=25, raw_input_dim=37, model_output_vars=22, output_dim=22
[2026-05-22 03:58:45,018][anemoi.models.layers.utils][INFO] - Linear kernel: torch.nn.Linear.
[2026-05-22 03:58:45,018][anemoi.models.layers.utils][INFO] - LayerNorm kernel: torch.nn.LayerNorm.
[2026-05-22 03:58:45,019][anemoi.models.layers.utils][INFO] - Activation kernel: torch.nn.GELU.
[2026-05-22 03:58:45,019][anemoi.models.layers.utils][INFO] - QueryNorm kernel: anemoi.models.layers.normalization.AutocastLayerNorm.
[2026-05-22 03:58:45,020][anemoi.models.layers.utils][INFO] - KeyNorm kernel: anemoi.models.layers.normalization.AutocastLayerNorm.
[2026-05-22 03:58:45,069][anemoi.models.layers.block][INFO] - GraphTransformerMapperBlock using triton graph attention backend.
[2026-05-22 03:58:45,075][anemoi.models.layers.utils][INFO] - Linear kernel: torch.nn.Linear.
[2026-05-22 03:58:45,075][anemoi.models.layers.utils][INFO] - LayerNorm kernel: torch.nn.LayerNorm.
[2026-05-22 03:58:45,076][anemoi.models.layers.utils][INFO] - Activation kernel: torch.nn.GELU.
[2026-05-22 03:58:45,076][anemoi.models.layers.utils][INFO] - QueryNorm kernel: anemoi.models.layers.normalization.AutocastLayerNorm.
[2026-05-22 03:58:45,077][anemoi.models.layers.utils][INFO] - KeyNorm kernel: anemoi.models.layers.normalization.AutocastLayerNorm.
[2026-05-22 03:58:45,122][anemoi.models.layers.block][INFO] - GraphTransformerProcessorBlock using triton graph attention backend.
[2026-05-22 03:58:45,168][anemoi.models.layers.block][INFO] - GraphTransformerProcessorBlock using triton graph attention backend.
[2026-05-22 03:58:45,213][anemoi.models.layers.block][INFO] - GraphTransformerProcessorBlock using triton graph attention backend.
[2026-05-22 03:58:45,259][anemoi.models.layers.block][INFO] - GraphTransformerProcessorBlock using triton graph attention backend.
[2026-05-22 03:58:45,304][anemoi.models.layers.block][INFO] - GraphTransformerProcessorBlock using triton graph attention backend.
[2026-05-22 03:58:45,360][anemoi.models.layers.block][INFO] - GraphTransformerProcessorBlock using triton graph attention backend.
[2026-05-22 03:58:45,422][anemoi.models.layers.block][INFO] - GraphTransformerProcessorBlock using triton graph attention backend.
[2026-05-22 03:58:45,484][anemoi.models.layers.block][INFO] - GraphTransformerProcessorBlock using triton graph attention backend.
[2026-05-22 03:58:45,546][anemoi.models.layers.block][INFO] - GraphTransformerProcessorBlock using triton graph attention backend.
[2026-05-22 03:58:45,608][anemoi.models.layers.block][INFO] - GraphTransformerProcessorBlock using triton graph attention backend.
[2026-05-22 03:58:45,670][anemoi.models.layers.block][INFO] - GraphTransformerProcessorBlock using triton graph attention backend.
[2026-05-22 03:58:45,733][anemoi.models.layers.block][INFO] - GraphTransformerProcessorBlock using triton graph attention backend.
[2026-05-22 03:58:45,796][anemoi.models.layers.block][INFO] - GraphTransformerProcessorBlock using triton graph attention backend.
[2026-05-22 03:58:45,859][anemoi.models.layers.block][INFO] - GraphTransformerProcessorBlock using triton graph attention backend.
[2026-05-22 03:58:45,921][anemoi.models.layers.block][INFO] - GraphTransformerProcessorBlock using triton graph attention backend.
[2026-05-22 03:58:45,987][anemoi.models.layers.block][INFO] - GraphTransformerProcessorBlock using triton graph attention backend.
[2026-05-22 03:58:46,007][anemoi.models.layers.utils][INFO] - Linear kernel: torch.nn.Linear.
[2026-05-22 03:58:46,008][anemoi.models.layers.utils][INFO] - LayerNorm kernel: torch.nn.LayerNorm.
[2026-05-22 03:58:46,008][anemoi.models.layers.utils][INFO] - Activation kernel: torch.nn.GELU.
[2026-05-22 03:58:46,009][anemoi.models.layers.utils][INFO] - QueryNorm kernel: anemoi.models.layers.normalization.AutocastLayerNorm.
[2026-05-22 03:58:46,009][anemoi.models.layers.utils][INFO] - KeyNorm kernel: anemoi.models.layers.normalization.AutocastLayerNorm.
[2026-05-22 03:58:46,072][anemoi.models.layers.block][INFO] - GraphTransformerMapperBlock using triton graph attention backend.
[2026-05-22 03:58:46,129][anemoi.training.losses.scalers.variable_level][INFO] - Variable Level Scaling: Applying ReluVariableLevelScaler scaling to pl variables ({'param': ['q', 't', 'u', 'v', 'w', 'z']})
[2026-05-22 03:58:46,129][anemoi.training.losses.scalers.variable_level][INFO] - with slope = 0.001 and y-intercept/minimum = 0.2.
[2026-05-22 03:58:46,170][anemoi.training.losses.scalers.value_range][INFO] - TargetValueRangeScaler configured for variable=refc normalization=mean-std thresholds=[0.0, 20.0, 40.0] range_weight_factors=[1.0, 2.0, 2.0, 4.0] apply_to=self
[2026-05-22 03:58:46,174][anemoi.training.train.tasks.base][INFO] - GraphModule with n_step_input=1 and n_step_output=1
[2026-05-22 03:58:46,175][anemoi.training.data.grid_indices][INFO] - The graph attribute indices_connected_nodes of the data nodes will be used to masking the spatial dimension.
[2026-05-22 03:58:46,182][anemoi.training.train.train][INFO] - Restoring only model weights from /scratch3/NCEPDEV/fv3-cam/Ting.Lei/tlei-anemoi-training/base_3_v1_graphtransformer_finer_graph_v1_single_input_refc_input_no_hydrometeors/checkpoint/6a2d7c51-9d1e-4a41-9e5a-ea8d7412d36e/inference-last.ckpt
[2026-05-22 03:58:46,669][anemoi.training.train.train][INFO] - Warm start ckpt type: AnemoiModelInterface
[2026-05-22 03:58:46,672][anemoi.models.data_indices.collection][INFO] - No variable order to compare. Skipping variable order check.
[2026-05-22 03:58:46,672][anemoi.training.train.train][INFO] - The following submodules will NOT be trained: []
[2026-05-22 03:58:46,677][anemoi.models.utils.compile][INFO] - The following modules will be compiled: []
[2026-05-22 03:58:46,677][anemoi.training.train.train][INFO] - Recompile limit set to 32
[2026-05-22 03:58:46,677][anemoi.training.train.train][INFO] - Verify-only mode detected: running trainer.validate() instead of trainer.fit()
[2026-05-22 03:58:57,633][lightning_fabric.utilities.distributed][INFO] - Initializing distributed: GLOBAL_RANK: 0, MEMBER: 1/1
[2026-05-22 03:58:57,638][pytorch_lightning.utilities.rank_zero][INFO] - ----------------------------------------------------------------------------------------------------
distributed_backend=nccl
All distributed processes registered. Starting with 1 processes
----------------------------------------------------------------------------------------------------

[2026-05-22 03:58:58,003][pytorch_lightning.accelerators.cuda][INFO] - LOCAL_RANK: 0 - CUDA_VISIBLE_DEVICES: [0]
[2026-05-22 03:58:58,154][lightning_fabric.utilities.seed][INFO] - [rank: 0] Seed set to 12345
[2026-05-22 03:58:58,169][pytorch_lightning.trainer.connectors.signal_connector][INFO] - SLURM auto-requeueing enabled. Setting signal handlers.
[2026-05-22 03:58:58,171][anemoi.training.data.datamodule][WARNING] - Falling back rollout to: 3
[2026-05-22 03:58:58,171][anemoi.training.data.dataset][INFO] - Creating NativeGridDataset...
[2026-05-22 03:58:58,176][anemoi.training.data.multidataset][INFO] - Timeincrement set to 1 for data with frequency, 3600, and timestep, 3600
[2026-05-22 03:58:58,176][anemoi.training.data.multidataset][INFO] - Dataset 'data' has 21 valid indices
[2026-05-22 03:58:58,176][anemoi.training.data.multidataset][INFO] - MultiDataset has 21 valid indices after intersection.
[2026-05-22 03:58:58,176][anemoi.training.data.multidataset][INFO] - MultiDataset initialized with 1 datasets (data), 21 valid indices each
[2026-05-22 03:58:58,177][anemoi.training.data.multidataset][INFO] - NativeGridDataset.set_group_info(): global_rank 0, model_comm_group_id 0, model_comm_group_rank 0, model_comm_num_groups 1, reader_group_rank 0, sample_comm_group_id 0, sample_comm_num_groups 1
[2026-05-22 03:58:58,350][anemoi.training.data.multidataset][INFO] - Worker 2 (pid 1680468, global_rank 0, model comm group 0)  has low/high range 11 / 16
[2026-05-22 03:58:58,350][anemoi.training.data.multidataset][INFO] - Worker 3 (pid 1680469, global_rank 0, model comm group 0)  has low/high range 16 / 21
[2026-05-22 03:58:58,351][anemoi.training.data.multidataset][INFO] - Worker 0 (pid 1680466, global_rank 0, model comm group 0)  has low/high range 0 / 6
[2026-05-22 03:58:58,351][anemoi.training.data.multidataset][INFO] - Worker 1 (pid 1680467, global_rank 0, model comm group 0)  has low/high range 6 / 11
[2026-05-22 03:58:58,382][anemoi.training.data.multidataset][INFO] - Worker 3 (validation, pid 1680469, base_seed 12345, sanity rnd 0.227336)
[2026-05-22 03:58:58,382][anemoi.training.data.multidataset][INFO] - Worker 2 (validation, pid 1680468, base_seed 12345, sanity rnd 0.227336)
[2026-05-22 03:58:58,382][anemoi.training.data.multidataset][INFO] - Worker 0 (validation, pid 1680466, base_seed 12345, sanity rnd 0.227336)
[2026-05-22 03:58:58,383][anemoi.training.data.multidataset][INFO] - Worker 1 (validation, pid 1680467, base_seed 12345, sanity rnd 0.227336)
Validation: |          | 0/? [00:00<?, ?it/s][2026-05-22 03:59:00,738][anemoi.models.data_indices.collection][INFO] - The order of the variables in the model matches the order in the data.
[2026-05-22 03:59:01,030][anemoi.training.losses.scalers.value_range][INFO] - TargetValueRangeScaler applied for variable=refc dataset=data raw_target_range=[-20.000, 65.872] unique_range_weights=[1.0, 2.0, 4.0] bucket_counts={'1.0': 260546, '2.0': 44717, '4.0': 4978} total_count=310241
Validation: |          | 0/? [00:00<?, ?it/s]Validation DataLoader 0: |          | 0/? [00:00<?, ?it/s][2026-05-22 03:59:04,218][anemoi.training.diagnostics.callbacks.plot][INFO] - PlotSample debug dataset=data batch=0000 rstep=00 out=00 vars=refc,pres_0g,height_925,height_850,height_500,height_200... | latlon: finite_nodes=310241/310241 lat=[25,39.9842] lon=[-105,-90.0158] | input: finite=6825302/6825302 min=-28.6983 max=101579 | target: finite=6459178/6825302 min=-40.6802 max=101561 | pred: finite=6459178/6825302 min=-28.6983 max=101536
[2026-05-22 03:59:34,035][anemoi.training.diagnostics.callbacks.plot][INFO] - Saved plot: /scratch3/NCEPDEV/fv3-cam/Ting.Lei/tlei-anemoi-training/base_3_v1_graphtransformer_finer_graph_v1_single_input_refc_input_no_hydrometeors/verify_3h_day20240505/plots/5a4203f8-8bf4-4e66-bd92-4726084c4588/plots/pred_val_sample_data_rstep00_out00_valid20240505T010000_rank0_vars8_refc_temp_850_chunk00__epoch000.png
[2026-05-22 03:59:34,078][anemoi.training.diagnostics.callbacks.plot][INFO] - PlotSample debug dataset=data batch=0000 rstep=01 out=00 vars=refc,pres_0g,height_925,height_850,height_500,height_200... | latlon: finite_nodes=310241/310241 lat=[25,39.9842] lon=[-105,-90.0158] | input: finite=6825302/6825302 min=-28.6983 max=101579 | target: finite=6459178/6825302 min=-26.7243 max=101530 | pred: finite=6459178/6825302 min=-28.6983 max=101536
[2026-05-22 04:00:03,473][anemoi.training.diagnostics.callbacks.plot][INFO] - Saved plot: /scratch3/NCEPDEV/fv3-cam/Ting.Lei/tlei-anemoi-training/base_3_v1_graphtransformer_finer_graph_v1_single_input_refc_input_no_hydrometeors/verify_3h_day20240505/plots/5a4203f8-8bf4-4e66-bd92-4726084c4588/plots/pred_val_sample_data_rstep01_out00_valid20240505T020000_rank0_vars8_refc_temp_850_chunk00__epoch000.png
[2026-05-22 04:00:03,523][anemoi.training.diagnostics.callbacks.plot][INFO] - PlotSample debug dataset=data batch=0000 rstep=02 out=00 vars=refc,pres_0g,height_925,height_850,height_500,height_200... | latlon: finite_nodes=310241/310241 lat=[25,39.9842] lon=[-105,-90.0158] | input: finite=6825302/6825302 min=-28.6983 max=101579 | target: finite=6459178/6825302 min=-34.1118 max=101551 | pred: finite=6459178/6825302 min=-28.6983 max=101536
[2026-05-22 04:00:33,551][anemoi.training.diagnostics.callbacks.plot][INFO] - Saved plot: /scratch3/NCEPDEV/fv3-cam/Ting.Lei/tlei-anemoi-training/base_3_v1_graphtransformer_finer_graph_v1_single_input_refc_input_no_hydrometeors/verify_3h_day20240505/plots/5a4203f8-8bf4-4e66-bd92-4726084c4588/plots/pred_val_sample_data_rstep02_out00_valid20240505T030000_rank0_vars8_refc_temp_850_chunk00__epoch000.png
[2026-05-22 04:00:33,600][anemoi.training.diagnostics.callbacks.plot][INFO] - PlotSample debug dataset=data batch=0000 rstep=00 out=00 vars=temp_500,temp_200,sphum_925,sphum_850,sphum_500,sphum_200... | latlon: finite_nodes=310241/310241 lat=[25,39.9842] lon=[-105,-90.0158] | input: finite=6825302/6825302 min=-28.6983 max=101579 | target: finite=6459178/6825302 min=-40.6802 max=101561 | pred: finite=6459178/6825302 min=-28.6983 max=101536
[2026-05-22 04:01:03,266][anemoi.training.diagnostics.callbacks.plot][INFO] - Saved plot: /scratch3/NCEPDEV/fv3-cam/Ting.Lei/tlei-anemoi-training/base_3_v1_graphtransformer_finer_graph_v1_single_input_refc_input_no_hydrometeors/verify_3h_day20240505/plots/5a4203f8-8bf4-4e66-bd92-4726084c4588/plots/pred_val_sample_data_rstep00_out00_valid20240505T010000_rank0_vars8_temp_500_ugrd_850_chunk01__epoch000.png
[2026-05-22 04:01:03,316][anemoi.training.diagnostics.callbacks.plot][INFO] - PlotSample debug dataset=data batch=0000 rstep=01 out=00 vars=temp_500,temp_200,sphum_925,sphum_850,sphum_500,sphum_200... | latlon: finite_nodes=310241/310241 lat=[25,39.9842] lon=[-105,-90.0158] | input: finite=6825302/6825302 min=-28.6983 max=101579 | target: finite=6459178/6825302 min=-26.7243 max=101530 | pred: finite=6459178/6825302 min=-28.6983 max=101536
[2026-05-22 04:01:33,712][anemoi.training.diagnostics.callbacks.plot][INFO] - Saved plot: /scratch3/NCEPDEV/fv3-cam/Ting.Lei/tlei-anemoi-training/base_3_v1_graphtransformer_finer_graph_v1_single_input_refc_input_no_hydrometeors/verify_3h_day20240505/plots/5a4203f8-8bf4-4e66-bd92-4726084c4588/plots/pred_val_sample_data_rstep01_out00_valid20240505T020000_rank0_vars8_temp_500_ugrd_850_chunk01__epoch000.png
[2026-05-22 04:01:33,762][anemoi.training.diagnostics.callbacks.plot][INFO] - PlotSample debug dataset=data batch=0000 rstep=02 out=00 vars=temp_500,temp_200,sphum_925,sphum_850,sphum_500,sphum_200... | latlon: finite_nodes=310241/310241 lat=[25,39.9842] lon=[-105,-90.0158] | input: finite=6825302/6825302 min=-28.6983 max=101579 | target: finite=6459178/6825302 min=-34.1118 max=101551 | pred: finite=6459178/6825302 min=-28.6983 max=101536
[2026-05-22 04:02:04,247][anemoi.training.diagnostics.callbacks.plot][INFO] - Saved plot: /scratch3/NCEPDEV/fv3-cam/Ting.Lei/tlei-anemoi-training/base_3_v1_graphtransformer_finer_graph_v1_single_input_refc_input_no_hydrometeors/verify_3h_day20240505/plots/5a4203f8-8bf4-4e66-bd92-4726084c4588/plots/pred_val_sample_data_rstep02_out00_valid20240505T030000_rank0_vars8_temp_500_ugrd_850_chunk01__epoch000.png
[2026-05-22 04:02:04,296][anemoi.training.diagnostics.callbacks.plot][INFO] - PlotSample debug dataset=data batch=0000 rstep=00 out=00 vars=ugrd_500,ugrd_200,vgrd_925,vgrd_850,vgrd_500,vgrd_200 | latlon: finite_nodes=310241/310241 lat=[25,39.9842] lon=[-105,-90.0158] | input: finite=6825302/6825302 min=-28.6983 max=101579 | target: finite=6459178/6825302 min=-40.6802 max=101561 | pred: finite=6459178/6825302 min=-28.6983 max=101536
[2026-05-22 04:02:26,813][anemoi.training.diagnostics.callbacks.plot][INFO] - Saved plot: /scratch3/NCEPDEV/fv3-cam/Ting.Lei/tlei-anemoi-training/base_3_v1_graphtransformer_finer_graph_v1_single_input_refc_input_no_hydrometeors/verify_3h_day20240505/plots/5a4203f8-8bf4-4e66-bd92-4726084c4588/plots/pred_val_sample_data_rstep00_out00_valid20240505T010000_rank0_vars_ugrd_500-ugrd_200-vgrd_925-vgrd_850-vgrd_500-vgrd_200_chunk02__epoch000.png
[2026-05-22 04:02:26,863][anemoi.training.diagnostics.callbacks.plot][INFO] - PlotSample debug dataset=data batch=0000 rstep=01 out=00 vars=ugrd_500,ugrd_200,vgrd_925,vgrd_850,vgrd_500,vgrd_200 | latlon: finite_nodes=310241/310241 lat=[25,39.9842] lon=[-105,-90.0158] | input: finite=6825302/6825302 min=-28.6983 max=101579 | target: finite=6459178/6825302 min=-26.7243 max=101530 | pred: finite=6459178/6825302 min=-28.6983 max=101536
[2026-05-22 04:02:50,087][anemoi.training.diagnostics.callbacks.plot][INFO] - Saved plot: /scratch3/NCEPDEV/fv3-cam/Ting.Lei/tlei-anemoi-training/base_3_v1_graphtransformer_finer_graph_v1_single_input_refc_input_no_hydrometeors/verify_3h_day20240505/plots/5a4203f8-8bf4-4e66-bd92-4726084c4588/plots/pred_val_sample_data_rstep01_out00_valid20240505T020000_rank0_vars_ugrd_500-ugrd_200-vgrd_925-vgrd_850-vgrd_500-vgrd_200_chunk02__epoch000.png
[2026-05-22 04:02:50,136][anemoi.training.diagnostics.callbacks.plot][INFO] - PlotSample debug dataset=data batch=0000 rstep=02 out=00 vars=ugrd_500,ugrd_200,vgrd_925,vgrd_850,vgrd_500,vgrd_200 | latlon: finite_nodes=310241/310241 lat=[25,39.9842] lon=[-105,-90.0158] | input: finite=6825302/6825302 min=-28.6983 max=101579 | target: finite=6459178/6825302 min=-34.1118 max=101551 | pred: finite=6459178/6825302 min=-28.6983 max=101536
[2026-05-22 04:03:12,975][anemoi.training.diagnostics.callbacks.plot][INFO] - Saved plot: /scratch3/NCEPDEV/fv3-cam/Ting.Lei/tlei-anemoi-training/base_3_v1_graphtransformer_finer_graph_v1_single_input_refc_input_no_hydrometeors/verify_3h_day20240505/plots/5a4203f8-8bf4-4e66-bd92-4726084c4588/plots/pred_val_sample_data_rstep02_out00_valid20240505T030000_rank0_vars_ugrd_500-ugrd_200-vgrd_925-vgrd_850-vgrd_500-vgrd_200_chunk02__epoch000.png
[2026-05-22 04:03:12,977][anemoi.training.diagnostics.callbacks.export_predictions][INFO] - ExportPredictions shapes: data_batch=(1, 4, 1, 310241, 25) input=(1, 4, 1, 310241, 22) data=(4, 1, 310241, 22) preds=(3, 1, 1, 310241, 22) n_step_input=1 n_step_output=1 rollout=3 target_horizon=3
[2026-05-22 04:03:13,178][anemoi.training.diagnostics.callbacks.export_predictions][INFO] - ExportPredictions time window: input[2024-05-05T00:00:00..2024-05-05T00:00:00], target[2024-05-05T01:00:00..2024-05-05T03:00:00]
[2026-05-22 04:03:20,305][anemoi.training.diagnostics.callbacks.export_predictions][INFO] - Exported predictions/targets to /scratch3/NCEPDEV/fv3-cam/Ting.Lei/tlei-anemoi-training/base_3_v1_graphtransformer_finer_graph_v1_single_input_refc_input_no_hydrometeors/verify_3h_day20240505/predictions/pred_target_epoch000_batch0000.*
Validation DataLoader 0: |          | 1/? [04:19<00:00,  0.00it/s][2026-05-22 04:03:21,227][anemoi.training.diagnostics.callbacks.plot][INFO] - PlotSample debug dataset=data batch=0001 rstep=00 out=00 vars=refc,pres_0g,height_925,height_850,height_500,height_200... | latlon: finite_nodes=310241/310241 lat=[25,39.9842] lon=[-105,-90.0158] | input: finite=6825302/6825302 min=-27.179 max=101487 | target: finite=6459178/6825302 min=-28.292 max=101455 | pred: finite=6459178/6825302 min=-27.179 max=101482
[2026-05-22 04:03:51,625][anemoi.training.diagnostics.callbacks.plot][INFO] - Saved plot: /scratch3/NCEPDEV/fv3-cam/Ting.Lei/tlei-anemoi-training/base_3_v1_graphtransformer_finer_graph_v1_single_input_refc_input_no_hydrometeors/verify_3h_day20240505/plots/5a4203f8-8bf4-4e66-bd92-4726084c4588/plots/pred_val_sample_data_rstep00_out00_valid20240505T020000_rank0_vars8_refc_temp_850_chunk00__epoch000.png
[2026-05-22 04:03:51,664][anemoi.training.diagnostics.callbacks.plot][INFO] - PlotSample debug dataset=data batch=0001 rstep=01 out=00 vars=refc,pres_0g,height_925,height_850,height_500,height_200... | latlon: finite_nodes=310241/310241 lat=[25,39.9842] lon=[-105,-90.0158] | input: finite=6825302/6825302 min=-27.179 max=101487 | target: finite=6459178/6825302 min=-25.0468 max=101401 | pred: finite=6459178/6825302 min=-27.179 max=101482
[2026-05-22 04:04:21,569][anemoi.training.diagnostics.callbacks.plot][INFO] - Saved plot: /scratch3/NCEPDEV/fv3-cam/Ting.Lei/tlei-anemoi-training/base_3_v1_graphtransformer_finer_graph_v1_single_input_refc_input_no_hydrometeors/verify_3h_day20240505/plots/5a4203f8-8bf4-4e66-bd92-4726084c4588/plots/pred_val_sample_data_rstep01_out00_valid20240505T030000_rank0_vars8_refc_temp_850_chunk00__epoch000.png
[2026-05-22 04:04:21,615][anemoi.training.diagnostics.callbacks.plot][INFO] - PlotSample debug dataset=data batch=0001 rstep=02 out=00 vars=refc,pres_0g,height_925,height_850,height_500,height_200... | latlon: finite_nodes=310241/310241 lat=[25,39.9842] lon=[-105,-90.0158] | input: finite=6825302/6825302 min=-27.179 max=101487 | target: finite=6459178/6825302 min=-22.2078 max=101429 | pred: finite=6459178/6825302 min=-27.179 max=101482
[2026-05-22 04:04:52,316][anemoi.training.diagnostics.callbacks.plot][INFO] - Saved plot: /scratch3/NCEPDEV/fv3-cam/Ting.Lei/tlei-anemoi-training/base_3_v1_graphtransformer_finer_graph_v1_single_input_refc_input_no_hydrometeors/verify_3h_day20240505/plots/5a4203f8-8bf4-4e66-bd92-4726084c4588/plots/pred_val_sample_data_rstep02_out00_valid20240505T040000_rank0_vars8_refc_temp_850_chunk00__epoch000.png
[2026-05-22 04:04:52,359][anemoi.training.diagnostics.callbacks.plot][INFO] - PlotSample debug dataset=data batch=0001 rstep=00 out=00 vars=temp_500,temp_200,sphum_925,sphum_850,sphum_500,sphum_200... | latlon: finite_nodes=310241/310241 lat=[25,39.9842] lon=[-105,-90.0158] | input: finite=6825302/6825302 min=-27.179 max=101487 | target: finite=6459178/6825302 min=-28.292 max=101455 | pred: finite=6459178/6825302 min=-27.179 max=101482
[2026-05-22 04:05:23,126][anemoi.training.diagnostics.callbacks.plot][INFO] - Saved plot: /scratch3/NCEPDEV/fv3-cam/Ting.Lei/tlei-anemoi-training/base_3_v1_graphtransformer_finer_graph_v1_single_input_refc_input_no_hydrometeors/verify_3h_day20240505/plots/5a4203f8-8bf4-4e66-bd92-4726084c4588/plots/pred_val_sample_data_rstep00_out00_valid20240505T020000_rank0_vars8_temp_500_ugrd_850_chunk01__epoch000.png
[2026-05-22 04:05:23,180][anemoi.training.diagnostics.callbacks.plot][INFO] - PlotSample debug dataset=data batch=0001 rstep=01 out=00 vars=temp_500,temp_200,sphum_925,sphum_850,sphum_500,sphum_200... | latlon: finite_nodes=310241/310241 lat=[25,39.9842] lon=[-105,-90.0158] | input: finite=6825302/6825302 min=-27.179 max=101487 | target: finite=6459178/6825302 min=-25.0468 max=101401 | pred: finite=6459178/6825302 min=-27.179 max=101482
[2026-05-22 04:05:53,972][anemoi.training.diagnostics.callbacks.plot][INFO] - Saved plot: /scratch3/NCEPDEV/fv3-cam/Ting.Lei/tlei-anemoi-training/base_3_v1_graphtransformer_finer_graph_v1_single_input_refc_input_no_hydrometeors/verify_3h_day20240505/plots/5a4203f8-8bf4-4e66-bd92-4726084c4588/plots/pred_val_sample_data_rstep01_out00_valid20240505T030000_rank0_vars8_temp_500_ugrd_850_chunk01__epoch000.png
[2026-05-22 04:05:54,027][anemoi.training.diagnostics.callbacks.plot][INFO] - PlotSample debug dataset=data batch=0001 rstep=02 out=00 vars=temp_500,temp_200,sphum_925,sphum_850,sphum_500,sphum_200... | latlon: finite_nodes=310241/310241 lat=[25,39.9842] lon=[-105,-90.0158] | input: finite=6825302/6825302 min=-27.179 max=101487 | target: finite=6459178/6825302 min=-22.2078 max=101429 | pred: finite=6459178/6825302 min=-27.179 max=101482
[2026-05-22 04:06:24,661][anemoi.training.diagnostics.callbacks.plot][INFO] - Saved plot: /scratch3/NCEPDEV/fv3-cam/Ting.Lei/tlei-anemoi-training/base_3_v1_graphtransformer_finer_graph_v1_single_input_refc_input_no_hydrometeors/verify_3h_day20240505/plots/5a4203f8-8bf4-4e66-bd92-4726084c4588/plots/pred_val_sample_data_rstep02_out00_valid20240505T040000_rank0_vars8_temp_500_ugrd_850_chunk01__epoch000.png
[2026-05-22 04:06:24,715][anemoi.training.diagnostics.callbacks.plot][INFO] - PlotSample debug dataset=data batch=0001 rstep=00 out=00 vars=ugrd_500,ugrd_200,vgrd_925,vgrd_850,vgrd_500,vgrd_200 | latlon: finite_nodes=310241/310241 lat=[25,39.9842] lon=[-105,-90.0158] | input: finite=6825302/6825302 min=-27.179 max=101487 | target: finite=6459178/6825302 min=-28.292 max=101455 | pred: finite=6459178/6825302 min=-27.179 max=101482
[2026-05-22 04:06:47,568][anemoi.training.diagnostics.callbacks.plot][INFO] - Saved plot: /scratch3/NCEPDEV/fv3-cam/Ting.Lei/tlei-anemoi-training/base_3_v1_graphtransformer_finer_graph_v1_single_input_refc_input_no_hydrometeors/verify_3h_day20240505/plots/5a4203f8-8bf4-4e66-bd92-4726084c4588/plots/pred_val_sample_data_rstep00_out00_valid20240505T020000_rank0_vars_ugrd_500-ugrd_200-vgrd_925-vgrd_850-vgrd_500-vgrd_200_chunk02__epoch000.png
[2026-05-22 04:06:47,616][anemoi.training.diagnostics.callbacks.plot][INFO] - PlotSample debug dataset=data batch=0001 rstep=01 out=00 vars=ugrd_500,ugrd_200,vgrd_925,vgrd_850,vgrd_500,vgrd_200 | latlon: finite_nodes=310241/310241 lat=[25,39.9842] lon=[-105,-90.0158] | input: finite=6825302/6825302 min=-27.179 max=101487 | target: finite=6459178/6825302 min=-25.0468 max=101401 | pred: finite=6459178/6825302 min=-27.179 max=101482
[2026-05-22 04:07:10,592][anemoi.training.diagnostics.callbacks.plot][INFO] - Saved plot: /scratch3/NCEPDEV/fv3-cam/Ting.Lei/tlei-anemoi-training/base_3_v1_graphtransformer_finer_graph_v1_single_input_refc_input_no_hydrometeors/verify_3h_day20240505/plots/5a4203f8-8bf4-4e66-bd92-4726084c4588/plots/pred_val_sample_data_rstep01_out00_valid20240505T030000_rank0_vars_ugrd_500-ugrd_200-vgrd_925-vgrd_850-vgrd_500-vgrd_200_chunk02__epoch000.png
[2026-05-22 04:07:10,647][anemoi.training.diagnostics.callbacks.plot][INFO] - PlotSample debug dataset=data batch=0001 rstep=02 out=00 vars=ugrd_500,ugrd_200,vgrd_925,vgrd_850,vgrd_500,vgrd_200 | latlon: finite_nodes=310241/310241 lat=[25,39.9842] lon=[-105,-90.0158] | input: finite=6825302/6825302 min=-27.179 max=101487 | target: finite=6459178/6825302 min=-22.2078 max=101429 | pred: finite=6459178/6825302 min=-27.179 max=101482
[2026-05-22 04:07:33,729][anemoi.training.diagnostics.callbacks.plot][INFO] - Saved plot: /scratch3/NCEPDEV/fv3-cam/Ting.Lei/tlei-anemoi-training/base_3_v1_graphtransformer_finer_graph_v1_single_input_refc_input_no_hydrometeors/verify_3h_day20240505/plots/5a4203f8-8bf4-4e66-bd92-4726084c4588/plots/pred_val_sample_data_rstep02_out00_valid20240505T040000_rank0_vars_ugrd_500-ugrd_200-vgrd_925-vgrd_850-vgrd_500-vgrd_200_chunk02__epoch000.png
[2026-05-22 04:07:34,116][anemoi.training.diagnostics.callbacks.export_predictions][INFO] - Exported predictions/targets to /scratch3/NCEPDEV/fv3-cam/Ting.Lei/tlei-anemoi-training/base_3_v1_graphtransformer_finer_graph_v1_single_input_refc_input_no_hydrometeors/verify_3h_day20240505/predictions/pred_target_epoch000_batch0001.*
Validation DataLoader 0: |          | 2/? [08:33<00:00,  0.00it/s][2026-05-22 04:07:34,967][anemoi.training.diagnostics.callbacks.plot][INFO] - PlotSample debug dataset=data batch=0002 rstep=00 out=00 vars=refc,pres_0g,height_925,height_850,height_500,height_200... | latlon: finite_nodes=310241/310241 lat=[25,39.9842] lon=[-105,-90.0158] | input: finite=6825302/6825302 min=-23.8251 max=101464 | target: finite=6459178/6825302 min=-23.5026 max=101541 | pred: finite=6459178/6825302 min=-23.8251 max=101464
[2026-05-22 04:08:05,473][anemoi.training.diagnostics.callbacks.plot][INFO] - Saved plot: /scratch3/NCEPDEV/fv3-cam/Ting.Lei/tlei-anemoi-training/base_3_v1_graphtransformer_finer_graph_v1_single_input_refc_input_no_hydrometeors/verify_3h_day20240505/plots/5a4203f8-8bf4-4e66-bd92-4726084c4588/plots/pred_val_sample_data_rstep00_out00_valid20240505T030000_rank0_vars8_refc_temp_850_chunk00__epoch000.png
[2026-05-22 04:08:05,527][anemoi.training.diagnostics.callbacks.plot][INFO] - PlotSample debug dataset=data batch=0002 rstep=01 out=00 vars=refc,pres_0g,height_925,height_850,height_500,height_200... | latlon: finite_nodes=310241/310241 lat=[25,39.9842] lon=[-105,-90.0158] | input: finite=6825302/6825302 min=-23.8251 max=101464 | target: finite=6459178/6825302 min=-22.1705 max=101606 | pred: finite=6459178/6825302 min=-23.8251 max=101464
[2026-05-22 04:08:36,132][anemoi.training.diagnostics.callbacks.plot][INFO] - Saved plot: /scratch3/NCEPDEV/fv3-cam/Ting.Lei/tlei-anemoi-training/base_3_v1_graphtransformer_finer_graph_v1_single_input_refc_input_no_hydrometeors/verify_3h_day20240505/plots/5a4203f8-8bf4-4e66-bd92-4726084c4588/plots/pred_val_sample_data_rstep01_out00_valid20240505T040000_rank0_vars8_refc_temp_850_chunk00__epoch000.png
[2026-05-22 04:08:36,187][anemoi.training.diagnostics.callbacks.plot][INFO] - PlotSample debug dataset=data batch=0002 rstep=02 out=00 vars=refc,pres_0g,height_925,height_850,height_500,height_200... | latlon: finite_nodes=310241/310241 lat=[25,39.9842] lon=[-105,-90.0158] | input: finite=6825302/6825302 min=-23.8251 max=101464 | target: finite=6459178/6825302 min=-21.2449 max=101697 | pred: finite=6459178/6825302 min=-23.8251 max=101464
[2026-05-22 04:09:07,925][anemoi.training.diagnostics.callbacks.plot][INFO] - Saved plot: /scratch3/NCEPDEV/fv3-cam/Ting.Lei/tlei-anemoi-training/base_3_v1_graphtransformer_finer_graph_v1_single_input_refc_input_no_hydrometeors/verify_3h_day20240505/plots/5a4203f8-8bf4-4e66-bd92-4726084c4588/plots/pred_val_sample_data_rstep02_out00_valid20240505T050000_rank0_vars8_refc_temp_850_chunk00__epoch000.png
[2026-05-22 04:09:07,995][anemoi.training.diagnostics.callbacks.plot][INFO] - PlotSample debug dataset=data batch=0002 rstep=00 out=00 vars=temp_500,temp_200,sphum_925,sphum_850,sphum_500,sphum_200... | latlon: finite_nodes=310241/310241 lat=[25,39.9842] lon=[-105,-90.0158] | input: finite=6825302/6825302 min=-23.8251 max=101464 | target: finite=6459178/6825302 min=-23.5026 max=101541 | pred: finite=6459178/6825302 min=-23.8251 max=101464
[2026-05-22 04:09:38,979][anemoi.training.diagnostics.callbacks.plot][INFO] - Saved plot: /scratch3/NCEPDEV/fv3-cam/Ting.Lei/tlei-anemoi-training/base_3_v1_graphtransformer_finer_graph_v1_single_input_refc_input_no_hydrometeors/verify_3h_day20240505/plots/5a4203f8-8bf4-4e66-bd92-4726084c4588/plots/pred_val_sample_data_rstep00_out00_valid20240505T030000_rank0_vars8_temp_500_ugrd_850_chunk01__epoch000.png
[2026-05-22 04:09:39,033][anemoi.training.diagnostics.callbacks.plot][INFO] - PlotSample debug dataset=data batch=0002 rstep=01 out=00 vars=temp_500,temp_200,sphum_925,sphum_850,sphum_500,sphum_200... | latlon: finite_nodes=310241/310241 lat=[25,39.9842] lon=[-105,-90.0158] | input: finite=6825302/6825302 min=-23.8251 max=101464 | target: finite=6459178/6825302 min=-22.1705 max=101606 | pred: finite=6459178/6825302 min=-23.8251 max=101464
[2026-05-22 04:10:10,050][anemoi.training.diagnostics.callbacks.plot][INFO] - Saved plot: /scratch3/NCEPDEV/fv3-cam/Ting.Lei/tlei-anemoi-training/base_3_v1_graphtransformer_finer_graph_v1_single_input_refc_input_no_hydrometeors/verify_3h_day20240505/plots/5a4203f8-8bf4-4e66-bd92-4726084c4588/plots/pred_val_sample_data_rstep01_out00_valid20240505T040000_rank0_vars8_temp_500_ugrd_850_chunk01__epoch000.png
[2026-05-22 04:10:10,101][anemoi.training.diagnostics.callbacks.plot][INFO] - PlotSample debug dataset=data batch=0002 rstep=02 out=00 vars=temp_500,temp_200,sphum_925,sphum_850,sphum_500,sphum_200... | latlon: finite_nodes=310241/310241 lat=[25,39.9842] lon=[-105,-90.0158] | input: finite=6825302/6825302 min=-23.8251 max=101464 | target: finite=6459178/6825302 min=-21.2449 max=101697 | pred: finite=6459178/6825302 min=-23.8251 max=101464
[2026-05-22 04:10:40,602][anemoi.training.diagnostics.callbacks.plot][INFO] - Saved plot: /scratch3/NCEPDEV/fv3-cam/Ting.Lei/tlei-anemoi-training/base_3_v1_graphtransformer_finer_graph_v1_single_input_refc_input_no_hydrometeors/verify_3h_day20240505/plots/5a4203f8-8bf4-4e66-bd92-4726084c4588/plots/pred_val_sample_data_rstep02_out00_valid20240505T050000_rank0_vars8_temp_500_ugrd_850_chunk01__epoch000.png
[2026-05-22 04:10:40,655][anemoi.training.diagnostics.callbacks.plot][INFO] - PlotSample debug dataset=data batch=0002 rstep=00 out=00 vars=ugrd_500,ugrd_200,vgrd_925,vgrd_850,vgrd_500,vgrd_200 | latlon: finite_nodes=310241/310241 lat=[25,39.9842] lon=[-105,-90.0158] | input: finite=6825302/6825302 min=-23.8251 max=101464 | target: finite=6459178/6825302 min=-23.5026 max=101541 | pred: finite=6459178/6825302 min=-23.8251 max=101464
[2026-05-22 04:11:04,015][anemoi.training.diagnostics.callbacks.plot][INFO] - Saved plot: /scratch3/NCEPDEV/fv3-cam/Ting.Lei/tlei-anemoi-training/base_3_v1_graphtransformer_finer_graph_v1_single_input_refc_input_no_hydrometeors/verify_3h_day20240505/plots/5a4203f8-8bf4-4e66-bd92-4726084c4588/plots/pred_val_sample_data_rstep00_out00_valid20240505T030000_rank0_vars_ugrd_500-ugrd_200-vgrd_925-vgrd_850-vgrd_500-vgrd_200_chunk02__epoch000.png
[2026-05-22 04:11:04,058][anemoi.training.diagnostics.callbacks.plot][INFO] - PlotSample debug dataset=data batch=0002 rstep=01 out=00 vars=ugrd_500,ugrd_200,vgrd_925,vgrd_850,vgrd_500,vgrd_200 | latlon: finite_nodes=310241/310241 lat=[25,39.9842] lon=[-105,-90.0158] | input: finite=6825302/6825302 min=-23.8251 max=101464 | target: finite=6459178/6825302 min=-22.1705 max=101606 | pred: finite=6459178/6825302 min=-23.8251 max=101464
[2026-05-22 04:11:27,179][anemoi.training.diagnostics.callbacks.plot][INFO] - Saved plot: /scratch3/NCEPDEV/fv3-cam/Ting.Lei/tlei-anemoi-training/base_3_v1_graphtransformer_finer_graph_v1_single_input_refc_input_no_hydrometeors/verify_3h_day20240505/plots/5a4203f8-8bf4-4e66-bd92-4726084c4588/plots/pred_val_sample_data_rstep01_out00_valid20240505T040000_rank0_vars_ugrd_500-ugrd_200-vgrd_925-vgrd_850-vgrd_500-vgrd_200_chunk02__epoch000.png
[2026-05-22 04:11:27,228][anemoi.training.diagnostics.callbacks.plot][INFO] - PlotSample debug dataset=data batch=0002 rstep=02 out=00 vars=ugrd_500,ugrd_200,vgrd_925,vgrd_850,vgrd_500,vgrd_200 | latlon: finite_nodes=310241/310241 lat=[25,39.9842] lon=[-105,-90.0158] | input: finite=6825302/6825302 min=-23.8251 max=101464 | target: finite=6459178/6825302 min=-21.2449 max=101697 | pred: finite=6459178/6825302 min=-23.8251 max=101464
[2026-05-22 04:11:50,055][anemoi.training.diagnostics.callbacks.plot][INFO] - Saved plot: /scratch3/NCEPDEV/fv3-cam/Ting.Lei/tlei-anemoi-training/base_3_v1_graphtransformer_finer_graph_v1_single_input_refc_input_no_hydrometeors/verify_3h_day20240505/plots/5a4203f8-8bf4-4e66-bd92-4726084c4588/plots/pred_val_sample_data_rstep02_out00_valid20240505T050000_rank0_vars_ugrd_500-ugrd_200-vgrd_925-vgrd_850-vgrd_500-vgrd_200_chunk02__epoch000.png
[2026-05-22 04:11:51,899][anemoi.training.diagnostics.callbacks.export_predictions][INFO] - Exported predictions/targets to /scratch3/NCEPDEV/fv3-cam/Ting.Lei/tlei-anemoi-training/base_3_v1_graphtransformer_finer_graph_v1_single_input_refc_input_no_hydrometeors/verify_3h_day20240505/predictions/pred_target_epoch000_batch0002.*
Validation DataLoader 0: |          | 3/? [12:50<00:00,  0.00it/s][2026-05-22 04:11:53,015][anemoi.training.diagnostics.callbacks.plot][INFO] - PlotSample debug dataset=data batch=0003 rstep=00 out=00 vars=refc,pres_0g,height_925,height_850,height_500,height_200... | latlon: finite_nodes=310241/310241 lat=[25,39.9842] lon=[-105,-90.0158] | input: finite=6825302/6825302 min=-20 max=101823 | target: finite=6459178/6825302 min=-20 max=101779 | pred: finite=6459178/6825302 min=-20 max=101823
[2026-05-22 04:12:23,931][anemoi.training.diagnostics.callbacks.plot][INFO] - Saved plot: /scratch3/NCEPDEV/fv3-cam/Ting.Lei/tlei-anemoi-training/base_3_v1_graphtransformer_finer_graph_v1_single_input_refc_input_no_hydrometeors/verify_3h_day20240505/plots/5a4203f8-8bf4-4e66-bd92-4726084c4588/plots/pred_val_sample_data_rstep00_out00_valid20240505T040000_rank0_vars8_refc_temp_850_chunk00__epoch000.png
[2026-05-22 04:12:23,971][anemoi.training.diagnostics.callbacks.plot][INFO] - PlotSample debug dataset=data batch=0003 rstep=01 out=00 vars=refc,pres_0g,height_925,height_850,height_500,height_200... | latlon: finite_nodes=310241/310241 lat=[25,39.9842] lon=[-105,-90.0158] | input: finite=6825302/6825302 min=-20 max=101823 | target: finite=6459178/6825302 min=-23.4456 max=101710 | pred: finite=6459178/6825302 min=-20 max=101823
[2026-05-22 04:12:54,665][anemoi.training.diagnostics.callbacks.plot][INFO] - Saved plot: /scratch3/NCEPDEV/fv3-cam/Ting.Lei/tlei-anemoi-training/base_3_v1_graphtransformer_finer_graph_v1_single_input_refc_input_no_hydrometeors/verify_3h_day20240505/plots/5a4203f8-8bf4-4e66-bd92-4726084c4588/plots/pred_val_sample_data_rstep01_out00_valid20240505T050000_rank0_vars8_refc_temp_850_chunk00__epoch000.png
[2026-05-22 04:12:54,710][anemoi.training.diagnostics.callbacks.plot][INFO] - PlotSample debug dataset=data batch=0003 rstep=02 out=00 vars=refc,pres_0g,height_925,height_850,height_500,height_200... | latlon: finite_nodes=310241/310241 lat=[25,39.9842] lon=[-105,-90.0158] | input: finite=6825302/6825302 min=-20 max=101823 | target: finite=6459178/6825302 min=-22.1237 max=101737 | pred: finite=6459178/6825302 min=-20 max=101823
[2026-05-22 04:13:25,426][anemoi.training.diagnostics.callbacks.plot][INFO] - Saved plot: /scratch3/NCEPDEV/fv3-cam/Ting.Lei/tlei-anemoi-training/base_3_v1_graphtransformer_finer_graph_v1_single_input_refc_input_no_hydrometeors/verify_3h_day20240505/plots/5a4203f8-8bf4-4e66-bd92-4726084c4588/plots/pred_val_sample_data_rstep02_out00_valid20240505T060000_rank0_vars8_refc_temp_850_chunk00__epoch000.png
[2026-05-22 04:13:25,501][anemoi.training.diagnostics.callbacks.plot][INFO] - PlotSample debug dataset=data batch=0003 rstep=00 out=00 vars=temp_500,temp_200,sphum_925,sphum_850,sphum_500,sphum_200... | latlon: finite_nodes=310241/310241 lat=[25,39.9842] lon=[-105,-90.0158] | input: finite=6825302/6825302 min=-20 max=101823 | target: finite=6459178/6825302 min=-20 max=101779 | pred: finite=6459178/6825302 min=-20 max=101823
[2026-05-22 04:13:56,590][anemoi.training.diagnostics.callbacks.plot][INFO] - Saved plot: /scratch3/NCEPDEV/fv3-cam/Ting.Lei/tlei-anemoi-training/base_3_v1_graphtransformer_finer_graph_v1_single_input_refc_input_no_hydrometeors/verify_3h_day20240505/plots/5a4203f8-8bf4-4e66-bd92-4726084c4588/plots/pred_val_sample_data_rstep00_out00_valid20240505T040000_rank0_vars8_temp_500_ugrd_850_chunk01__epoch000.png
[2026-05-22 04:13:56,644][anemoi.training.diagnostics.callbacks.plot][INFO] - PlotSample debug dataset=data batch=0003 rstep=01 out=00 vars=temp_500,temp_200,sphum_925,sphum_850,sphum_500,sphum_200... | latlon: finite_nodes=310241/310241 lat=[25,39.9842] lon=[-105,-90.0158] | input: finite=6825302/6825302 min=-20 max=101823 | target: finite=6459178/6825302 min=-23.4456 max=101710 | pred: finite=6459178/6825302 min=-20 max=101823
[2026-05-22 04:14:27,705][anemoi.training.diagnostics.callbacks.plot][INFO] - Saved plot: /scratch3/NCEPDEV/fv3-cam/Ting.Lei/tlei-anemoi-training/base_3_v1_graphtransformer_finer_graph_v1_single_input_refc_input_no_hydrometeors/verify_3h_day20240505/plots/5a4203f8-8bf4-4e66-bd92-4726084c4588/plots/pred_val_sample_data_rstep01_out00_valid20240505T050000_rank0_vars8_temp_500_ugrd_850_chunk01__epoch000.png
[2026-05-22 04:14:27,758][anemoi.training.diagnostics.callbacks.plot][INFO] - PlotSample debug dataset=data batch=0003 rstep=02 out=00 vars=temp_500,temp_200,sphum_925,sphum_850,sphum_500,sphum_200... | latlon: finite_nodes=310241/310241 lat=[25,39.9842] lon=[-105,-90.0158] | input: finite=6825302/6825302 min=-20 max=101823 | target: finite=6459178/6825302 min=-22.1237 max=101737 | pred: finite=6459178/6825302 min=-20 max=101823
[2026-05-22 04:14:58,836][anemoi.training.diagnostics.callbacks.plot][INFO] - Saved plot: /scratch3/NCEPDEV/fv3-cam/Ting.Lei/tlei-anemoi-training/base_3_v1_graphtransformer_finer_graph_v1_single_input_refc_input_no_hydrometeors/verify_3h_day20240505/plots/5a4203f8-8bf4-4e66-bd92-4726084c4588/plots/pred_val_sample_data_rstep02_out00_valid20240505T060000_rank0_vars8_temp_500_ugrd_850_chunk01__epoch000.png
[2026-05-22 04:14:58,885][anemoi.training.diagnostics.callbacks.plot][INFO] - PlotSample debug dataset=data batch=0003 rstep=00 out=00 vars=ugrd_500,ugrd_200,vgrd_925,vgrd_850,vgrd_500,vgrd_200 | latlon: finite_nodes=310241/310241 lat=[25,39.9842] lon=[-105,-90.0158] | input: finite=6825302/6825302 min=-20 max=101823 | target: finite=6459178/6825302 min=-20 max=101779 | pred: finite=6459178/6825302 min=-20 max=101823
[2026-05-22 04:15:21,804][anemoi.training.diagnostics.callbacks.plot][INFO] - Saved plot: /scratch3/NCEPDEV/fv3-cam/Ting.Lei/tlei-anemoi-training/base_3_v1_graphtransformer_finer_graph_v1_single_input_refc_input_no_hydrometeors/verify_3h_day20240505/plots/5a4203f8-8bf4-4e66-bd92-4726084c4588/plots/pred_val_sample_data_rstep00_out00_valid20240505T040000_rank0_vars_ugrd_500-ugrd_200-vgrd_925-vgrd_850-vgrd_500-vgrd_200_chunk02__epoch000.png
[2026-05-22 04:15:21,847][anemoi.training.diagnostics.callbacks.plot][INFO] - PlotSample debug dataset=data batch=0003 rstep=01 out=00 vars=ugrd_500,ugrd_200,vgrd_925,vgrd_850,vgrd_500,vgrd_200 | latlon: finite_nodes=310241/310241 lat=[25,39.9842] lon=[-105,-90.0158] | input: finite=6825302/6825302 min=-20 max=101823 | target: finite=6459178/6825302 min=-23.4456 max=101710 | pred: finite=6459178/6825302 min=-20 max=101823
[2026-05-22 04:15:45,025][anemoi.training.diagnostics.callbacks.plot][INFO] - Saved plot: /scratch3/NCEPDEV/fv3-cam/Ting.Lei/tlei-anemoi-training/base_3_v1_graphtransformer_finer_graph_v1_single_input_refc_input_no_hydrometeors/verify_3h_day20240505/plots/5a4203f8-8bf4-4e66-bd92-4726084c4588/plots/pred_val_sample_data_rstep01_out00_valid20240505T050000_rank0_vars_ugrd_500-ugrd_200-vgrd_925-vgrd_850-vgrd_500-vgrd_200_chunk02__epoch000.png
[2026-05-22 04:15:45,075][anemoi.training.diagnostics.callbacks.plot][INFO] - PlotSample debug dataset=data batch=0003 rstep=02 out=00 vars=ugrd_500,ugrd_200,vgrd_925,vgrd_850,vgrd_500,vgrd_200 | latlon: finite_nodes=310241/310241 lat=[25,39.9842] lon=[-105,-90.0158] | input: finite=6825302/6825302 min=-20 max=101823 | target: finite=6459178/6825302 min=-22.1237 max=101737 | pred: finite=6459178/6825302 min=-20 max=101823
[2026-05-22 04:16:08,287][anemoi.training.diagnostics.callbacks.plot][INFO] - Saved plot: /scratch3/NCEPDEV/fv3-cam/Ting.Lei/tlei-anemoi-training/base_3_v1_graphtransformer_finer_graph_v1_single_input_refc_input_no_hydrometeors/verify_3h_day20240505/plots/5a4203f8-8bf4-4e66-bd92-4726084c4588/plots/pred_val_sample_data_rstep02_out00_valid20240505T060000_rank0_vars_ugrd_500-ugrd_200-vgrd_925-vgrd_850-vgrd_500-vgrd_200_chunk02__epoch000.png
[2026-05-22 04:16:08,761][anemoi.training.diagnostics.callbacks.export_predictions][INFO] - Exported predictions/targets to /scratch3/NCEPDEV/fv3-cam/Ting.Lei/tlei-anemoi-training/base_3_v1_graphtransformer_finer_graph_v1_single_input_refc_input_no_hydrometeors/verify_3h_day20240505/predictions/pred_target_epoch000_batch0003.*
Validation DataLoader 0: |          | 4/? [17:07<00:00,  0.00it/s][2026-05-22 04:16:09,664][anemoi.training.diagnostics.callbacks.plot][INFO] - PlotSample debug dataset=data batch=0004 rstep=00 out=00 vars=refc,pres_0g,height_925,height_850,height_500,height_200... | latlon: finite_nodes=310241/310241 lat=[25,39.9842] lon=[-105,-90.0158] | input: finite=6825302/6825302 min=-40.6802 max=101561 | target: finite=6459178/6825302 min=-26.7243 max=101530 | pred: finite=6459178/6825302 min=-40.6802 max=101561
[2026-05-22 04:16:40,560][anemoi.training.diagnostics.callbacks.plot][INFO] - Saved plot: /scratch3/NCEPDEV/fv3-cam/Ting.Lei/tlei-anemoi-training/base_3_v1_graphtransformer_finer_graph_v1_single_input_refc_input_no_hydrometeors/verify_3h_day20240505/plots/5a4203f8-8bf4-4e66-bd92-4726084c4588/plots/pred_val_sample_data_rstep00_out00_valid20240505T050000_rank0_vars8_refc_temp_850_chunk00__epoch000.png
[2026-05-22 04:16:40,609][anemoi.training.diagnostics.callbacks.plot][INFO] - PlotSample debug dataset=data batch=0004 rstep=01 out=00 vars=refc,pres_0g,height_925,height_850,height_500,height_200... | latlon: finite_nodes=310241/310241 lat=[25,39.9842] lon=[-105,-90.0158] | input: finite=6825302/6825302 min=-40.6802 max=101561 | target: finite=6459178/6825302 min=-34.1118 max=101551 | pred: finite=6459178/6825302 min=-40.6802 max=101561
[2026-05-22 04:17:11,089][anemoi.training.diagnostics.callbacks.plot][INFO] - Saved plot: /scratch3/NCEPDEV/fv3-cam/Ting.Lei/tlei-anemoi-training/base_3_v1_graphtransformer_finer_graph_v1_single_input_refc_input_no_hydrometeors/verify_3h_day20240505/plots/5a4203f8-8bf4-4e66-bd92-4726084c4588/plots/pred_val_sample_data_rstep01_out00_valid20240505T060000_rank0_vars8_refc_temp_850_chunk00__epoch000.png
[2026-05-22 04:17:11,144][anemoi.training.diagnostics.callbacks.plot][INFO] - PlotSample debug dataset=data batch=0004 rstep=02 out=00 vars=refc,pres_0g,height_925,height_850,height_500,height_200... | latlon: finite_nodes=310241/310241 lat=[25,39.9842] lon=[-105,-90.0158] | input: finite=6825302/6825302 min=-40.6802 max=101561 | target: finite=6459178/6825302 min=-25.0852 max=101542 | pred: finite=6459178/6825302 min=-40.6802 max=101561
[2026-05-22 04:17:42,155][anemoi.training.diagnostics.callbacks.plot][INFO] - Saved plot: /scratch3/NCEPDEV/fv3-cam/Ting.Lei/tlei-anemoi-training/base_3_v1_graphtransformer_finer_graph_v1_single_input_refc_input_no_hydrometeors/verify_3h_day20240505/plots/5a4203f8-8bf4-4e66-bd92-4726084c4588/plots/pred_val_sample_data_rstep02_out00_valid20240505T070000_rank0_vars8_refc_temp_850_chunk00__epoch000.png
[2026-05-22 04:17:42,207][anemoi.training.diagnostics.callbacks.plot][INFO] - PlotSample debug dataset=data batch=0004 rstep=00 out=00 vars=temp_500,temp_200,sphum_925,sphum_850,sphum_500,sphum_200... | latlon: finite_nodes=310241/310241 lat=[25,39.9842] lon=[-105,-90.0158] | input: finite=6825302/6825302 min=-40.6802 max=101561 | target: finite=6459178/6825302 min=-26.7243 max=101530 | pred: finite=6459178/6825302 min=-40.6802 max=101561
[2026-05-22 04:18:13,343][anemoi.training.diagnostics.callbacks.plot][INFO] - Saved plot: /scratch3/NCEPDEV/fv3-cam/Ting.Lei/tlei-anemoi-training/base_3_v1_graphtransformer_finer_graph_v1_single_input_refc_input_no_hydrometeors/verify_3h_day20240505/plots/5a4203f8-8bf4-4e66-bd92-4726084c4588/plots/pred_val_sample_data_rstep00_out00_valid20240505T050000_rank0_vars8_temp_500_ugrd_850_chunk01__epoch000.png
[2026-05-22 04:18:13,394][anemoi.training.diagnostics.callbacks.plot][INFO] - PlotSample debug dataset=data batch=0004 rstep=01 out=00 vars=temp_500,temp_200,sphum_925,sphum_850,sphum_500,sphum_200... | latlon: finite_nodes=310241/310241 lat=[25,39.9842] lon=[-105,-90.0158] | input: finite=6825302/6825302 min=-40.6802 max=101561 | target: finite=6459178/6825302 min=-34.1118 max=101551 | pred: finite=6459178/6825302 min=-40.6802 max=101561
[2026-05-22 04:18:44,563][anemoi.training.diagnostics.callbacks.plot][INFO] - Saved plot: /scratch3/NCEPDEV/fv3-cam/Ting.Lei/tlei-anemoi-training/base_3_v1_graphtransformer_finer_graph_v1_single_input_refc_input_no_hydrometeors/verify_3h_day20240505/plots/5a4203f8-8bf4-4e66-bd92-4726084c4588/plots/pred_val_sample_data_rstep01_out00_valid20240505T060000_rank0_vars8_temp_500_ugrd_850_chunk01__epoch000.png
[2026-05-22 04:18:44,609][anemoi.training.diagnostics.callbacks.plot][INFO] - PlotSample debug dataset=data batch=0004 rstep=02 out=00 vars=temp_500,temp_200,sphum_925,sphum_850,sphum_500,sphum_200... | latlon: finite_nodes=310241/310241 lat=[25,39.9842] lon=[-105,-90.0158] | input: finite=6825302/6825302 min=-40.6802 max=101561 | target: finite=6459178/6825302 min=-25.0852 max=101542 | pred: finite=6459178/6825302 min=-40.6802 max=101561
[2026-05-22 04:19:15,465][anemoi.training.diagnostics.callbacks.plot][INFO] - Saved plot: /scratch3/NCEPDEV/fv3-cam/Ting.Lei/tlei-anemoi-training/base_3_v1_graphtransformer_finer_graph_v1_single_input_refc_input_no_hydrometeors/verify_3h_day20240505/plots/5a4203f8-8bf4-4e66-bd92-4726084c4588/plots/pred_val_sample_data_rstep02_out00_valid20240505T070000_rank0_vars8_temp_500_ugrd_850_chunk01__epoch000.png
[2026-05-22 04:19:15,525][anemoi.training.diagnostics.callbacks.plot][INFO] - PlotSample debug dataset=data batch=0004 rstep=00 out=00 vars=ugrd_500,ugrd_200,vgrd_925,vgrd_850,vgrd_500,vgrd_200 | latlon: finite_nodes=310241/310241 lat=[25,39.9842] lon=[-105,-90.0158] | input: finite=6825302/6825302 min=-40.6802 max=101561 | target: finite=6459178/6825302 min=-26.7243 max=101530 | pred: finite=6459178/6825302 min=-40.6802 max=101561
[2026-05-22 04:19:39,092][anemoi.training.diagnostics.callbacks.plot][INFO] - Saved plot: /scratch3/NCEPDEV/fv3-cam/Ting.Lei/tlei-anemoi-training/base_3_v1_graphtransformer_finer_graph_v1_single_input_refc_input_no_hydrometeors/verify_3h_day20240505/plots/5a4203f8-8bf4-4e66-bd92-4726084c4588/plots/pred_val_sample_data_rstep00_out00_valid20240505T050000_rank0_vars_ugrd_500-ugrd_200-vgrd_925-vgrd_850-vgrd_500-vgrd_200_chunk02__epoch000.png
[2026-05-22 04:19:39,144][anemoi.training.diagnostics.callbacks.plot][INFO] - PlotSample debug dataset=data batch=0004 rstep=01 out=00 vars=ugrd_500,ugrd_200,vgrd_925,vgrd_850,vgrd_500,vgrd_200 | latlon: finite_nodes=310241/310241 lat=[25,39.9842] lon=[-105,-90.0158] | input: finite=6825302/6825302 min=-40.6802 max=101561 | target: finite=6459178/6825302 min=-34.1118 max=101551 | pred: finite=6459178/6825302 min=-40.6802 max=101561
[2026-05-22 04:20:02,378][anemoi.training.diagnostics.callbacks.plot][INFO] - Saved plot: /scratch3/NCEPDEV/fv3-cam/Ting.Lei/tlei-anemoi-training/base_3_v1_graphtransformer_finer_graph_v1_single_input_refc_input_no_hydrometeors/verify_3h_day20240505/plots/5a4203f8-8bf4-4e66-bd92-4726084c4588/plots/pred_val_sample_data_rstep01_out00_valid20240505T060000_rank0_vars_ugrd_500-ugrd_200-vgrd_925-vgrd_850-vgrd_500-vgrd_200_chunk02__epoch000.png
[2026-05-22 04:20:02,423][anemoi.training.diagnostics.callbacks.plot][INFO] - PlotSample debug dataset=data batch=0004 rstep=02 out=00 vars=ugrd_500,ugrd_200,vgrd_925,vgrd_850,vgrd_500,vgrd_200 | latlon: finite_nodes=310241/310241 lat=[25,39.9842] lon=[-105,-90.0158] | input: finite=6825302/6825302 min=-40.6802 max=101561 | target: finite=6459178/6825302 min=-25.0852 max=101542 | pred: finite=6459178/6825302 min=-40.6802 max=101561
[2026-05-22 04:20:25,648][anemoi.training.diagnostics.callbacks.plot][INFO] - Saved plot: /scratch3/NCEPDEV/fv3-cam/Ting.Lei/tlei-anemoi-training/base_3_v1_graphtransformer_finer_graph_v1_single_input_refc_input_no_hydrometeors/verify_3h_day20240505/plots/5a4203f8-8bf4-4e66-bd92-4726084c4588/plots/pred_val_sample_data_rstep02_out00_valid20240505T070000_rank0_vars_ugrd_500-ugrd_200-vgrd_925-vgrd_850-vgrd_500-vgrd_200_chunk02__epoch000.png
[2026-05-22 04:20:26,181][anemoi.training.diagnostics.callbacks.export_predictions][INFO] - Exported predictions/targets to /scratch3/NCEPDEV/fv3-cam/Ting.Lei/tlei-anemoi-training/base_3_v1_graphtransformer_finer_graph_v1_single_input_refc_input_no_hydrometeors/verify_3h_day20240505/predictions/pred_target_epoch000_batch0004.*
Validation DataLoader 0: |          | 5/? [21:25<00:00,  0.00it/s][2026-05-22 04:20:27,297][anemoi.training.diagnostics.callbacks.plot][INFO] - PlotSample debug dataset=data batch=0005 rstep=00 out=00 vars=refc,pres_0g,height_925,height_850,height_500,height_200... | latlon: finite_nodes=310241/310241 lat=[25,39.9842] lon=[-105,-90.0158] | input: finite=6825302/6825302 min=-28.292 max=101460 | target: finite=6459178/6825302 min=-25.0468 max=101401 | pred: finite=6459178/6825302 min=-28.292 max=101455
[2026-05-22 04:20:57,990][anemoi.training.diagnostics.callbacks.plot][INFO] - Saved plot: /scratch3/NCEPDEV/fv3-cam/Ting.Lei/tlei-anemoi-training/base_3_v1_graphtransformer_finer_graph_v1_single_input_refc_input_no_hydrometeors/verify_3h_day20240505/plots/5a4203f8-8bf4-4e66-bd92-4726084c4588/plots/pred_val_sample_data_rstep00_out00_valid20240505T060000_rank0_vars8_refc_temp_850_chunk00__epoch000.png
[2026-05-22 04:20:58,039][anemoi.training.diagnostics.callbacks.plot][INFO] - PlotSample debug dataset=data batch=0005 rstep=01 out=00 vars=refc,pres_0g,height_925,height_850,height_500,height_200... | latlon: finite_nodes=310241/310241 lat=[25,39.9842] lon=[-105,-90.0158] | input: finite=6825302/6825302 min=-28.292 max=101460 | target: finite=6459178/6825302 min=-22.2078 max=101429 | pred: finite=6459178/6825302 min=-28.292 max=101455
[2026-05-22 04:21:28,908][anemoi.training.diagnostics.callbacks.plot][INFO] - Saved plot: /scratch3/NCEPDEV/fv3-cam/Ting.Lei/tlei-anemoi-training/base_3_v1_graphtransformer_finer_graph_v1_single_input_refc_input_no_hydrometeors/verify_3h_day20240505/plots/5a4203f8-8bf4-4e66-bd92-4726084c4588/plots/pred_val_sample_data_rstep01_out00_valid20240505T070000_rank0_vars8_refc_temp_850_chunk00__epoch000.png
[2026-05-22 04:21:28,962][anemoi.training.diagnostics.callbacks.plot][INFO] - PlotSample debug dataset=data batch=0005 rstep=02 out=00 vars=refc,pres_0g,height_925,height_850,height_500,height_200... | latlon: finite_nodes=310241/310241 lat=[25,39.9842] lon=[-105,-90.0158] | input: finite=6825302/6825302 min=-28.292 max=101460 | target: finite=6459178/6825302 min=-21.8684 max=101549 | pred: finite=6459178/6825302 min=-28.292 max=101455
[2026-05-22 04:22:00,041][anemoi.training.diagnostics.callbacks.plot][INFO] - Saved plot: /scratch3/NCEPDEV/fv3-cam/Ting.Lei/tlei-anemoi-training/base_3_v1_graphtransformer_finer_graph_v1_single_input_refc_input_no_hydrometeors/verify_3h_day20240505/plots/5a4203f8-8bf4-4e66-bd92-4726084c4588/plots/pred_val_sample_data_rstep02_out00_valid20240505T080000_rank0_vars8_refc_temp_850_chunk00__epoch000.png
[2026-05-22 04:22:00,095][anemoi.training.diagnostics.callbacks.plot][INFO] - PlotSample debug dataset=data batch=0005 rstep=00 out=00 vars=temp_500,temp_200,sphum_925,sphum_850,sphum_500,sphum_200... | latlon: finite_nodes=310241/310241 lat=[25,39.9842] lon=[-105,-90.0158] | input: finite=6825302/6825302 min=-28.292 max=101460 | target: finite=6459178/6825302 min=-25.0468 max=101401 | pred: finite=6459178/6825302 min=-28.292 max=101455
[2026-05-22 04:22:30,670][anemoi.training.diagnostics.callbacks.plot][INFO] - Saved plot: /scratch3/NCEPDEV/fv3-cam/Ting.Lei/tlei-anemoi-training/base_3_v1_graphtransformer_finer_graph_v1_single_input_refc_input_no_hydrometeors/verify_3h_day20240505/plots/5a4203f8-8bf4-4e66-bd92-4726084c4588/plots/pred_val_sample_data_rstep00_out00_valid20240505T060000_rank0_vars8_temp_500_ugrd_850_chunk01__epoch000.png
[2026-05-22 04:22:30,714][anemoi.training.diagnostics.callbacks.plot][INFO] - PlotSample debug dataset=data batch=0005 rstep=01 out=00 vars=temp_500,temp_200,sphum_925,sphum_850,sphum_500,sphum_200... | latlon: finite_nodes=310241/310241 lat=[25,39.9842] lon=[-105,-90.0158] | input: finite=6825302/6825302 min=-28.292 max=101460 | target: finite=6459178/6825302 min=-22.2078 max=101429 | pred: finite=6459178/6825302 min=-28.292 max=101455
[2026-05-22 04:23:01,785][anemoi.training.diagnostics.callbacks.plot][INFO] - Saved plot: /scratch3/NCEPDEV/fv3-cam/Ting.Lei/tlei-anemoi-training/base_3_v1_graphtransformer_finer_graph_v1_single_input_refc_input_no_hydrometeors/verify_3h_day20240505/plots/5a4203f8-8bf4-4e66-bd92-4726084c4588/plots/pred_val_sample_data_rstep01_out00_valid20240505T070000_rank0_vars8_temp_500_ugrd_850_chunk01__epoch000.png
[2026-05-22 04:23:01,834][anemoi.training.diagnostics.callbacks.plot][INFO] - PlotSample debug dataset=data batch=0005 rstep=02 out=00 vars=temp_500,temp_200,sphum_925,sphum_850,sphum_500,sphum_200... | latlon: finite_nodes=310241/310241 lat=[25,39.9842] lon=[-105,-90.0158] | input: finite=6825302/6825302 min=-28.292 max=101460 | target: finite=6459178/6825302 min=-21.8684 max=101549 | pred: finite=6459178/6825302 min=-28.292 max=101455
[2026-05-22 04:23:33,699][anemoi.training.diagnostics.callbacks.plot][INFO] - Saved plot: /scratch3/NCEPDEV/fv3-cam/Ting.Lei/tlei-anemoi-training/base_3_v1_graphtransformer_finer_graph_v1_single_input_refc_input_no_hydrometeors/verify_3h_day20240505/plots/5a4203f8-8bf4-4e66-bd92-4726084c4588/plots/pred_val_sample_data_rstep02_out00_valid20240505T080000_rank0_vars8_temp_500_ugrd_850_chunk01__epoch000.png
[2026-05-22 04:23:34,001][anemoi.training.diagnostics.callbacks.plot][INFO] - PlotSample debug dataset=data batch=0005 rstep=00 out=00 vars=ugrd_500,ugrd_200,vgrd_925,vgrd_850,vgrd_500,vgrd_200 | latlon: finite_nodes=310241/310241 lat=[25,39.9842] lon=[-105,-90.0158] | input: finite=6825302/6825302 min=-28.292 max=101460 | target: finite=6459178/6825302 min=-25.0468 max=101401 | pred: finite=6459178/6825302 min=-28.292 max=101455
[2026-05-22 04:23:57,191][anemoi.training.diagnostics.callbacks.plot][INFO] - Saved plot: /scratch3/NCEPDEV/fv3-cam/Ting.Lei/tlei-anemoi-training/base_3_v1_graphtransformer_finer_graph_v1_single_input_refc_input_no_hydrometeors/verify_3h_day20240505/plots/5a4203f8-8bf4-4e66-bd92-4726084c4588/plots/pred_val_sample_data_rstep00_out00_valid20240505T060000_rank0_vars_ugrd_500-ugrd_200-vgrd_925-vgrd_850-vgrd_500-vgrd_200_chunk02__epoch000.png
[2026-05-22 04:23:57,235][anemoi.training.diagnostics.callbacks.plot][INFO] - PlotSample debug dataset=data batch=0005 rstep=01 out=00 vars=ugrd_500,ugrd_200,vgrd_925,vgrd_850,vgrd_500,vgrd_200 | latlon: finite_nodes=310241/310241 lat=[25,39.9842] lon=[-105,-90.0158] | input: finite=6825302/6825302 min=-28.292 max=101460 | target: finite=6459178/6825302 min=-22.2078 max=101429 | pred: finite=6459178/6825302 min=-28.292 max=101455
[2026-05-22 04:24:20,380][anemoi.training.diagnostics.callbacks.plot][INFO] - Saved plot: /scratch3/NCEPDEV/fv3-cam/Ting.Lei/tlei-anemoi-training/base_3_v1_graphtransformer_finer_graph_v1_single_input_refc_input_no_hydrometeors/verify_3h_day20240505/plots/5a4203f8-8bf4-4e66-bd92-4726084c4588/plots/pred_val_sample_data_rstep01_out00_valid20240505T070000_rank0_vars_ugrd_500-ugrd_200-vgrd_925-vgrd_850-vgrd_500-vgrd_200_chunk02__epoch000.png
[2026-05-22 04:24:20,430][anemoi.training.diagnostics.callbacks.plot][INFO] - PlotSample debug dataset=data batch=0005 rstep=02 out=00 vars=ugrd_500,ugrd_200,vgrd_925,vgrd_850,vgrd_500,vgrd_200 | latlon: finite_nodes=310241/310241 lat=[25,39.9842] lon=[-105,-90.0158] | input: finite=6825302/6825302 min=-28.292 max=101460 | target: finite=6459178/6825302 min=-21.8684 max=101549 | pred: finite=6459178/6825302 min=-28.292 max=101455
[2026-05-22 04:24:43,528][anemoi.training.diagnostics.callbacks.plot][INFO] - Saved plot: /scratch3/NCEPDEV/fv3-cam/Ting.Lei/tlei-anemoi-training/base_3_v1_graphtransformer_finer_graph_v1_single_input_refc_input_no_hydrometeors/verify_3h_day20240505/plots/5a4203f8-8bf4-4e66-bd92-4726084c4588/plots/pred_val_sample_data_rstep02_out00_valid20240505T080000_rank0_vars_ugrd_500-ugrd_200-vgrd_925-vgrd_850-vgrd_500-vgrd_200_chunk02__epoch000.png
[2026-05-22 04:24:45,181][anemoi.training.diagnostics.callbacks.export_predictions][INFO] - Exported predictions/targets to /scratch3/NCEPDEV/fv3-cam/Ting.Lei/tlei-anemoi-training/base_3_v1_graphtransformer_finer_graph_v1_single_input_refc_input_no_hydrometeors/verify_3h_day20240505/predictions/pred_target_epoch000_batch0005.*
Validation DataLoader 0: |          | 6/? [25:44<00:00,  0.00it/s][2026-05-22 04:24:46,076][anemoi.training.diagnostics.callbacks.plot][INFO] - PlotSample debug dataset=data batch=0006 rstep=00 out=00 vars=refc,pres_0g,height_925,height_850,height_500,height_200... | latlon: finite_nodes=310241/310241 lat=[25,39.9842] lon=[-105,-90.0158] | input: finite=6825302/6825302 min=-23.5026 max=101555 | target: finite=6459178/6825302 min=-22.1705 max=101606 | pred: finite=6459178/6825302 min=-23.5026 max=101541
[2026-05-22 04:25:16,866][anemoi.training.diagnostics.callbacks.plot][INFO] - Saved plot: /scratch3/NCEPDEV/fv3-cam/Ting.Lei/tlei-anemoi-training/base_3_v1_graphtransformer_finer_graph_v1_single_input_refc_input_no_hydrometeors/verify_3h_day20240505/plots/5a4203f8-8bf4-4e66-bd92-4726084c4588/plots/pred_val_sample_data_rstep00_out00_valid20240505T070000_rank0_vars8_refc_temp_850_chunk00__epoch000.png
[2026-05-22 04:25:16,901][anemoi.training.diagnostics.callbacks.plot][INFO] - PlotSample debug dataset=data batch=0006 rstep=01 out=00 vars=refc,pres_0g,height_925,height_850,height_500,height_200... | latlon: finite_nodes=310241/310241 lat=[25,39.9842] lon=[-105,-90.0158] | input: finite=6825302/6825302 min=-23.5026 max=101555 | target: finite=6459178/6825302 min=-21.2449 max=101697 | pred: finite=6459178/6825302 min=-23.5026 max=101541
[2026-05-22 04:25:47,543][anemoi.training.diagnostics.callbacks.plot][INFO] - Saved plot: /scratch3/NCEPDEV/fv3-cam/Ting.Lei/tlei-anemoi-training/base_3_v1_graphtransformer_finer_graph_v1_single_input_refc_input_no_hydrometeors/verify_3h_day20240505/plots/5a4203f8-8bf4-4e66-bd92-4726084c4588/plots/pred_val_sample_data_rstep01_out00_valid20240505T080000_rank0_vars8_refc_temp_850_chunk00__epoch000.png
[2026-05-22 04:25:47,592][anemoi.training.diagnostics.callbacks.plot][INFO] - PlotSample debug dataset=data batch=0006 rstep=02 out=00 vars=refc,pres_0g,height_925,height_850,height_500,height_200... | latlon: finite_nodes=310241/310241 lat=[25,39.9842] lon=[-105,-90.0158] | input: finite=6825302/6825302 min=-23.5026 max=101555 | target: finite=6459178/6825302 min=-20.7549 max=101760 | pred: finite=6459178/6825302 min=-23.5026 max=101541
[2026-05-22 04:26:18,518][anemoi.training.diagnostics.callbacks.plot][INFO] - Saved plot: /scratch3/NCEPDEV/fv3-cam/Ting.Lei/tlei-anemoi-training/base_3_v1_graphtransformer_finer_graph_v1_single_input_refc_input_no_hydrometeors/verify_3h_day20240505/plots/5a4203f8-8bf4-4e66-bd92-4726084c4588/plots/pred_val_sample_data_rstep02_out00_valid20240505T090000_rank0_vars8_refc_temp_850_chunk00__epoch000.png
[2026-05-22 04:26:18,562][anemoi.training.diagnostics.callbacks.plot][INFO] - PlotSample debug dataset=data batch=0006 rstep=00 out=00 vars=temp_500,temp_200,sphum_925,sphum_850,sphum_500,sphum_200... | latlon: finite_nodes=310241/310241 lat=[25,39.9842] lon=[-105,-90.0158] | input: finite=6825302/6825302 min=-23.5026 max=101555 | target: finite=6459178/6825302 min=-22.1705 max=101606 | pred: finite=6459178/6825302 min=-23.5026 max=101541
[2026-05-22 04:26:49,051][anemoi.training.diagnostics.callbacks.plot][INFO] - Saved plot: /scratch3/NCEPDEV/fv3-cam/Ting.Lei/tlei-anemoi-training/base_3_v1_graphtransformer_finer_graph_v1_single_input_refc_input_no_hydrometeors/verify_3h_day20240505/plots/5a4203f8-8bf4-4e66-bd92-4726084c4588/plots/pred_val_sample_data_rstep00_out00_valid20240505T070000_rank0_vars8_temp_500_ugrd_850_chunk01__epoch000.png
[2026-05-22 04:26:49,106][anemoi.training.diagnostics.callbacks.plot][INFO] - PlotSample debug dataset=data batch=0006 rstep=01 out=00 vars=temp_500,temp_200,sphum_925,sphum_850,sphum_500,sphum_200... | latlon: finite_nodes=310241/310241 lat=[25,39.9842] lon=[-105,-90.0158] | input: finite=6825302/6825302 min=-23.5026 max=101555 | target: finite=6459178/6825302 min=-21.2449 max=101697 | pred: finite=6459178/6825302 min=-23.5026 max=101541
[2026-05-22 04:27:20,044][anemoi.training.diagnostics.callbacks.plot][INFO] - Saved plot: /scratch3/NCEPDEV/fv3-cam/Ting.Lei/tlei-anemoi-training/base_3_v1_graphtransformer_finer_graph_v1_single_input_refc_input_no_hydrometeors/verify_3h_day20240505/plots/5a4203f8-8bf4-4e66-bd92-4726084c4588/plots/pred_val_sample_data_rstep01_out00_valid20240505T080000_rank0_vars8_temp_500_ugrd_850_chunk01__epoch000.png
[2026-05-22 04:27:20,098][anemoi.training.diagnostics.callbacks.plot][INFO] - PlotSample debug dataset=data batch=0006 rstep=02 out=00 vars=temp_500,temp_200,sphum_925,sphum_850,sphum_500,sphum_200... | latlon: finite_nodes=310241/310241 lat=[25,39.9842] lon=[-105,-90.0158] | input: finite=6825302/6825302 min=-23.5026 max=101555 | target: finite=6459178/6825302 min=-20.7549 max=101760 | pred: finite=6459178/6825302 min=-23.5026 max=101541
[2026-05-22 04:27:51,085][anemoi.training.diagnostics.callbacks.plot][INFO] - Saved plot: /scratch3/NCEPDEV/fv3-cam/Ting.Lei/tlei-anemoi-training/base_3_v1_graphtransformer_finer_graph_v1_single_input_refc_input_no_hydrometeors/verify_3h_day20240505/plots/5a4203f8-8bf4-4e66-bd92-4726084c4588/plots/pred_val_sample_data_rstep02_out00_valid20240505T090000_rank0_vars8_temp_500_ugrd_850_chunk01__epoch000.png
[2026-05-22 04:27:51,136][anemoi.training.diagnostics.callbacks.plot][INFO] - PlotSample debug dataset=data batch=0006 rstep=00 out=00 vars=ugrd_500,ugrd_200,vgrd_925,vgrd_850,vgrd_500,vgrd_200 | latlon: finite_nodes=310241/310241 lat=[25,39.9842] lon=[-105,-90.0158] | input: finite=6825302/6825302 min=-23.5026 max=101555 | target: finite=6459178/6825302 min=-22.1705 max=101606 | pred: finite=6459178/6825302 min=-23.5026 max=101541
[2026-05-22 04:28:14,102][anemoi.training.diagnostics.callbacks.plot][INFO] - Saved plot: /scratch3/NCEPDEV/fv3-cam/Ting.Lei/tlei-anemoi-training/base_3_v1_graphtransformer_finer_graph_v1_single_input_refc_input_no_hydrometeors/verify_3h_day20240505/plots/5a4203f8-8bf4-4e66-bd92-4726084c4588/plots/pred_val_sample_data_rstep00_out00_valid20240505T070000_rank0_vars_ugrd_500-ugrd_200-vgrd_925-vgrd_850-vgrd_500-vgrd_200_chunk02__epoch000.png
[2026-05-22 04:28:14,150][anemoi.training.diagnostics.callbacks.plot][INFO] - PlotSample debug dataset=data batch=0006 rstep=01 out=00 vars=ugrd_500,ugrd_200,vgrd_925,vgrd_850,vgrd_500,vgrd_200 | latlon: finite_nodes=310241/310241 lat=[25,39.9842] lon=[-105,-90.0158] | input: finite=6825302/6825302 min=-23.5026 max=101555 | target: finite=6459178/6825302 min=-21.2449 max=101697 | pred: finite=6459178/6825302 min=-23.5026 max=101541
[2026-05-22 04:28:37,429][anemoi.training.diagnostics.callbacks.plot][INFO] - Saved plot: /scratch3/NCEPDEV/fv3-cam/Ting.Lei/tlei-anemoi-training/base_3_v1_graphtransformer_finer_graph_v1_single_input_refc_input_no_hydrometeors/verify_3h_day20240505/plots/5a4203f8-8bf4-4e66-bd92-4726084c4588/plots/pred_val_sample_data_rstep01_out00_valid20240505T080000_rank0_vars_ugrd_500-ugrd_200-vgrd_925-vgrd_850-vgrd_500-vgrd_200_chunk02__epoch000.png
[2026-05-22 04:28:37,478][anemoi.training.diagnostics.callbacks.plot][INFO] - PlotSample debug dataset=data batch=0006 rstep=02 out=00 vars=ugrd_500,ugrd_200,vgrd_925,vgrd_850,vgrd_500,vgrd_200 | latlon: finite_nodes=310241/310241 lat=[25,39.9842] lon=[-105,-90.0158] | input: finite=6825302/6825302 min=-23.5026 max=101555 | target: finite=6459178/6825302 min=-20.7549 max=101760 | pred: finite=6459178/6825302 min=-23.5026 max=101541
[2026-05-22 04:29:00,688][anemoi.training.diagnostics.callbacks.plot][INFO] - Saved plot: /scratch3/NCEPDEV/fv3-cam/Ting.Lei/tlei-anemoi-training/base_3_v1_graphtransformer_finer_graph_v1_single_input_refc_input_no_hydrometeors/verify_3h_day20240505/plots/5a4203f8-8bf4-4e66-bd92-4726084c4588/plots/pred_val_sample_data_rstep02_out00_valid20240505T090000_rank0_vars_ugrd_500-ugrd_200-vgrd_925-vgrd_850-vgrd_500-vgrd_200_chunk02__epoch000.png
[2026-05-22 04:29:01,215][anemoi.training.diagnostics.callbacks.export_predictions][INFO] - Exported predictions/targets to /scratch3/NCEPDEV/fv3-cam/Ting.Lei/tlei-anemoi-training/base_3_v1_graphtransformer_finer_graph_v1_single_input_refc_input_no_hydrometeors/verify_3h_day20240505/predictions/pred_target_epoch000_batch0006.*
Validation DataLoader 0: |          | 7/? [30:00<00:00,  0.00it/s][2026-05-22 04:29:02,340][anemoi.training.diagnostics.callbacks.plot][INFO] - PlotSample debug dataset=data batch=0007 rstep=00 out=00 vars=refc,pres_0g,height_925,height_850,height_500,height_200... | latlon: finite_nodes=310241/310241 lat=[25,39.9842] lon=[-105,-90.0158] | input: finite=6825302/6825302 min=-20 max=101779 | target: finite=6459178/6825302 min=-23.4456 max=101710 | pred: finite=6459178/6825302 min=-20 max=101779
[2026-05-22 04:29:33,152][anemoi.training.diagnostics.callbacks.plot][INFO] - Saved plot: /scratch3/NCEPDEV/fv3-cam/Ting.Lei/tlei-anemoi-training/base_3_v1_graphtransformer_finer_graph_v1_single_input_refc_input_no_hydrometeors/verify_3h_day20240505/plots/5a4203f8-8bf4-4e66-bd92-4726084c4588/plots/pred_val_sample_data_rstep00_out00_valid20240505T080000_rank0_vars8_refc_temp_850_chunk00__epoch000.png
[2026-05-22 04:29:33,201][anemoi.training.diagnostics.callbacks.plot][INFO] - PlotSample debug dataset=data batch=0007 rstep=01 out=00 vars=refc,pres_0g,height_925,height_850,height_500,height_200... | latlon: finite_nodes=310241/310241 lat=[25,39.9842] lon=[-105,-90.0158] | input: finite=6825302/6825302 min=-20 max=101779 | target: finite=6459178/6825302 min=-22.1237 max=101737 | pred: finite=6459178/6825302 min=-20 max=101779
[2026-05-22 04:30:03,914][anemoi.training.diagnostics.callbacks.plot][INFO] - Saved plot: /scratch3/NCEPDEV/fv3-cam/Ting.Lei/tlei-anemoi-training/base_3_v1_graphtransformer_finer_graph_v1_single_input_refc_input_no_hydrometeors/verify_3h_day20240505/plots/5a4203f8-8bf4-4e66-bd92-4726084c4588/plots/pred_val_sample_data_rstep01_out00_valid20240505T090000_rank0_vars8_refc_temp_850_chunk00__epoch000.png
[2026-05-22 04:30:03,964][anemoi.training.diagnostics.callbacks.plot][INFO] - PlotSample debug dataset=data batch=0007 rstep=02 out=00 vars=refc,pres_0g,height_925,height_850,height_500,height_200... | latlon: finite_nodes=310241/310241 lat=[25,39.9842] lon=[-105,-90.0158] | input: finite=6825302/6825302 min=-20 max=101779 | target: finite=6459178/6825302 min=-33.0153 max=101651 | pred: finite=6459178/6825302 min=-20 max=101779
[2026-05-22 04:30:34,919][anemoi.training.diagnostics.callbacks.plot][INFO] - Saved plot: /scratch3/NCEPDEV/fv3-cam/Ting.Lei/tlei-anemoi-training/base_3_v1_graphtransformer_finer_graph_v1_single_input_refc_input_no_hydrometeors/verify_3h_day20240505/plots/5a4203f8-8bf4-4e66-bd92-4726084c4588/plots/pred_val_sample_data_rstep02_out00_valid20240505T100000_rank0_vars8_refc_temp_850_chunk00__epoch000.png
[2026-05-22 04:30:34,971][anemoi.training.diagnostics.callbacks.plot][INFO] - PlotSample debug dataset=data batch=0007 rstep=00 out=00 vars=temp_500,temp_200,sphum_925,sphum_850,sphum_500,sphum_200... | latlon: finite_nodes=310241/310241 lat=[25,39.9842] lon=[-105,-90.0158] | input: finite=6825302/6825302 min=-20 max=101779 | target: finite=6459178/6825302 min=-23.4456 max=101710 | pred: finite=6459178/6825302 min=-20 max=101779
[2026-05-22 04:31:05,976][anemoi.training.diagnostics.callbacks.plot][INFO] - Saved plot: /scratch3/NCEPDEV/fv3-cam/Ting.Lei/tlei-anemoi-training/base_3_v1_graphtransformer_finer_graph_v1_single_input_refc_input_no_hydrometeors/verify_3h_day20240505/plots/5a4203f8-8bf4-4e66-bd92-4726084c4588/plots/pred_val_sample_data_rstep00_out00_valid20240505T080000_rank0_vars8_temp_500_ugrd_850_chunk01__epoch000.png
[2026-05-22 04:31:06,034][anemoi.training.diagnostics.callbacks.plot][INFO] - PlotSample debug dataset=data batch=0007 rstep=01 out=00 vars=temp_500,temp_200,sphum_925,sphum_850,sphum_500,sphum_200... | latlon: finite_nodes=310241/310241 lat=[25,39.9842] lon=[-105,-90.0158] | input: finite=6825302/6825302 min=-20 max=101779 | target: finite=6459178/6825302 min=-22.1237 max=101737 | pred: finite=6459178/6825302 min=-20 max=101779
[2026-05-22 04:31:37,268][anemoi.training.diagnostics.callbacks.plot][INFO] - Saved plot: /scratch3/NCEPDEV/fv3-cam/Ting.Lei/tlei-anemoi-training/base_3_v1_graphtransformer_finer_graph_v1_single_input_refc_input_no_hydrometeors/verify_3h_day20240505/plots/5a4203f8-8bf4-4e66-bd92-4726084c4588/plots/pred_val_sample_data_rstep01_out00_valid20240505T090000_rank0_vars8_temp_500_ugrd_850_chunk01__epoch000.png
[2026-05-22 04:31:37,316][anemoi.training.diagnostics.callbacks.plot][INFO] - PlotSample debug dataset=data batch=0007 rstep=02 out=00 vars=temp_500,temp_200,sphum_925,sphum_850,sphum_500,sphum_200... | latlon: finite_nodes=310241/310241 lat=[25,39.9842] lon=[-105,-90.0158] | input: finite=6825302/6825302 min=-20 max=101779 | target: finite=6459178/6825302 min=-33.0153 max=101651 | pred: finite=6459178/6825302 min=-20 max=101779
[2026-05-22 04:32:07,884][anemoi.training.diagnostics.callbacks.plot][INFO] - Saved plot: /scratch3/NCEPDEV/fv3-cam/Ting.Lei/tlei-anemoi-training/base_3_v1_graphtransformer_finer_graph_v1_single_input_refc_input_no_hydrometeors/verify_3h_day20240505/plots/5a4203f8-8bf4-4e66-bd92-4726084c4588/plots/pred_val_sample_data_rstep02_out00_valid20240505T100000_rank0_vars8_temp_500_ugrd_850_chunk01__epoch000.png
[2026-05-22 04:32:07,933][anemoi.training.diagnostics.callbacks.plot][INFO] - PlotSample debug dataset=data batch=0007 rstep=00 out=00 vars=ugrd_500,ugrd_200,vgrd_925,vgrd_850,vgrd_500,vgrd_200 | latlon: finite_nodes=310241/310241 lat=[25,39.9842] lon=[-105,-90.0158] | input: finite=6825302/6825302 min=-20 max=101779 | target: finite=6459178/6825302 min=-23.4456 max=101710 | pred: finite=6459178/6825302 min=-20 max=101779
[2026-05-22 04:32:31,325][anemoi.training.diagnostics.callbacks.plot][INFO] - Saved plot: /scratch3/NCEPDEV/fv3-cam/Ting.Lei/tlei-anemoi-training/base_3_v1_graphtransformer_finer_graph_v1_single_input_refc_input_no_hydrometeors/verify_3h_day20240505/plots/5a4203f8-8bf4-4e66-bd92-4726084c4588/plots/pred_val_sample_data_rstep00_out00_valid20240505T080000_rank0_vars_ugrd_500-ugrd_200-vgrd_925-vgrd_850-vgrd_500-vgrd_200_chunk02__epoch000.png
[2026-05-22 04:32:31,371][anemoi.training.diagnostics.callbacks.plot][INFO] - PlotSample debug dataset=data batch=0007 rstep=01 out=00 vars=ugrd_500,ugrd_200,vgrd_925,vgrd_850,vgrd_500,vgrd_200 | latlon: finite_nodes=310241/310241 lat=[25,39.9842] lon=[-105,-90.0158] | input: finite=6825302/6825302 min=-20 max=101779 | target: finite=6459178/6825302 min=-22.1237 max=101737 | pred: finite=6459178/6825302 min=-20 max=101779
[2026-05-22 04:32:54,548][anemoi.training.diagnostics.callbacks.plot][INFO] - Saved plot: /scratch3/NCEPDEV/fv3-cam/Ting.Lei/tlei-anemoi-training/base_3_v1_graphtransformer_finer_graph_v1_single_input_refc_input_no_hydrometeors/verify_3h_day20240505/plots/5a4203f8-8bf4-4e66-bd92-4726084c4588/plots/pred_val_sample_data_rstep01_out00_valid20240505T090000_rank0_vars_ugrd_500-ugrd_200-vgrd_925-vgrd_850-vgrd_500-vgrd_200_chunk02__epoch000.png
[2026-05-22 04:32:54,592][anemoi.training.diagnostics.callbacks.plot][INFO] - PlotSample debug dataset=data batch=0007 rstep=02 out=00 vars=ugrd_500,ugrd_200,vgrd_925,vgrd_850,vgrd_500,vgrd_200 | latlon: finite_nodes=310241/310241 lat=[25,39.9842] lon=[-105,-90.0158] | input: finite=6825302/6825302 min=-20 max=101779 | target: finite=6459178/6825302 min=-33.0153 max=101651 | pred: finite=6459178/6825302 min=-20 max=101779
[2026-05-22 04:33:17,770][anemoi.training.diagnostics.callbacks.plot][INFO] - Saved plot: /scratch3/NCEPDEV/fv3-cam/Ting.Lei/tlei-anemoi-training/base_3_v1_graphtransformer_finer_graph_v1_single_input_refc_input_no_hydrometeors/verify_3h_day20240505/plots/5a4203f8-8bf4-4e66-bd92-4726084c4588/plots/pred_val_sample_data_rstep02_out00_valid20240505T100000_rank0_vars_ugrd_500-ugrd_200-vgrd_925-vgrd_850-vgrd_500-vgrd_200_chunk02__epoch000.png
[2026-05-22 04:33:18,164][anemoi.training.diagnostics.callbacks.export_predictions][INFO] - Exported predictions/targets to /scratch3/NCEPDEV/fv3-cam/Ting.Lei/tlei-anemoi-training/base_3_v1_graphtransformer_finer_graph_v1_single_input_refc_input_no_hydrometeors/verify_3h_day20240505/predictions/pred_target_epoch000_batch0007.*
Validation DataLoader 0: |          | 8/? [34:17<00:00,  0.00it/s][2026-05-22 04:33:19,038][anemoi.training.diagnostics.callbacks.plot][INFO] - PlotSample debug dataset=data batch=0008 rstep=00 out=00 vars=refc,pres_0g,height_925,height_850,height_500,height_200... | latlon: finite_nodes=310241/310241 lat=[25,39.9842] lon=[-105,-90.0158] | input: finite=6825302/6825302 min=-26.7243 max=101536 | target: finite=6459178/6825302 min=-34.1118 max=101551 | pred: finite=6459178/6825302 min=-26.7243 max=101530
[2026-05-22 04:33:50,135][anemoi.training.diagnostics.callbacks.plot][INFO] - Saved plot: /scratch3/NCEPDEV/fv3-cam/Ting.Lei/tlei-anemoi-training/base_3_v1_graphtransformer_finer_graph_v1_single_input_refc_input_no_hydrometeors/verify_3h_day20240505/plots/5a4203f8-8bf4-4e66-bd92-4726084c4588/plots/pred_val_sample_data_rstep00_out00_valid20240505T090000_rank0_vars8_refc_temp_850_chunk00__epoch000.png
[2026-05-22 04:33:50,195][anemoi.training.diagnostics.callbacks.plot][INFO] - PlotSample debug dataset=data batch=0008 rstep=01 out=00 vars=refc,pres_0g,height_925,height_850,height_500,height_200... | latlon: finite_nodes=310241/310241 lat=[25,39.9842] lon=[-105,-90.0158] | input: finite=6825302/6825302 min=-26.7243 max=101536 | target: finite=6459178/6825302 min=-25.0852 max=101542 | pred: finite=6459178/6825302 min=-26.7243 max=101530
[2026-05-22 04:34:21,164][anemoi.training.diagnostics.callbacks.plot][INFO] - Saved plot: /scratch3/NCEPDEV/fv3-cam/Ting.Lei/tlei-anemoi-training/base_3_v1_graphtransformer_finer_graph_v1_single_input_refc_input_no_hydrometeors/verify_3h_day20240505/plots/5a4203f8-8bf4-4e66-bd92-4726084c4588/plots/pred_val_sample_data_rstep01_out00_valid20240505T100000_rank0_vars8_refc_temp_850_chunk00__epoch000.png
[2026-05-22 04:34:21,213][anemoi.training.diagnostics.callbacks.plot][INFO] - PlotSample debug dataset=data batch=0008 rstep=02 out=00 vars=refc,pres_0g,height_925,height_850,height_500,height_200... | latlon: finite_nodes=310241/310241 lat=[25,39.9842] lon=[-105,-90.0158] | input: finite=6825302/6825302 min=-26.7243 max=101536 | target: finite=6459178/6825302 min=-26.5374 max=101534 | pred: finite=6459178/6825302 min=-26.7243 max=101530
[2026-05-22 04:34:52,319][anemoi.training.diagnostics.callbacks.plot][INFO] - Saved plot: /scratch3/NCEPDEV/fv3-cam/Ting.Lei/tlei-anemoi-training/base_3_v1_graphtransformer_finer_graph_v1_single_input_refc_input_no_hydrometeors/verify_3h_day20240505/plots/5a4203f8-8bf4-4e66-bd92-4726084c4588/plots/pred_val_sample_data_rstep02_out00_valid20240505T110000_rank0_vars8_refc_temp_850_chunk00__epoch000.png
[2026-05-22 04:34:52,364][anemoi.training.diagnostics.callbacks.plot][INFO] - PlotSample debug dataset=data batch=0008 rstep=00 out=00 vars=temp_500,temp_200,sphum_925,sphum_850,sphum_500,sphum_200... | latlon: finite_nodes=310241/310241 lat=[25,39.9842] lon=[-105,-90.0158] | input: finite=6825302/6825302 min=-26.7243 max=101536 | target: finite=6459178/6825302 min=-34.1118 max=101551 | pred: finite=6459178/6825302 min=-26.7243 max=101530
[2026-05-22 04:35:22,997][anemoi.training.diagnostics.callbacks.plot][INFO] - Saved plot: /scratch3/NCEPDEV/fv3-cam/Ting.Lei/tlei-anemoi-training/base_3_v1_graphtransformer_finer_graph_v1_single_input_refc_input_no_hydrometeors/verify_3h_day20240505/plots/5a4203f8-8bf4-4e66-bd92-4726084c4588/plots/pred_val_sample_data_rstep00_out00_valid20240505T090000_rank0_vars8_temp_500_ugrd_850_chunk01__epoch000.png
[2026-05-22 04:35:23,046][anemoi.training.diagnostics.callbacks.plot][INFO] - PlotSample debug dataset=data batch=0008 rstep=01 out=00 vars=temp_500,temp_200,sphum_925,sphum_850,sphum_500,sphum_200... | latlon: finite_nodes=310241/310241 lat=[25,39.9842] lon=[-105,-90.0158] | input: finite=6825302/6825302 min=-26.7243 max=101536 | target: finite=6459178/6825302 min=-25.0852 max=101542 | pred: finite=6459178/6825302 min=-26.7243 max=101530
[2026-05-22 04:35:54,183][anemoi.training.diagnostics.callbacks.plot][INFO] - Saved plot: /scratch3/NCEPDEV/fv3-cam/Ting.Lei/tlei-anemoi-training/base_3_v1_graphtransformer_finer_graph_v1_single_input_refc_input_no_hydrometeors/verify_3h_day20240505/plots/5a4203f8-8bf4-4e66-bd92-4726084c4588/plots/pred_val_sample_data_rstep01_out00_valid20240505T100000_rank0_vars8_temp_500_ugrd_850_chunk01__epoch000.png
[2026-05-22 04:35:54,232][anemoi.training.diagnostics.callbacks.plot][INFO] - PlotSample debug dataset=data batch=0008 rstep=02 out=00 vars=temp_500,temp_200,sphum_925,sphum_850,sphum_500,sphum_200... | latlon: finite_nodes=310241/310241 lat=[25,39.9842] lon=[-105,-90.0158] | input: finite=6825302/6825302 min=-26.7243 max=101536 | target: finite=6459178/6825302 min=-26.5374 max=101534 | pred: finite=6459178/6825302 min=-26.7243 max=101530
[2026-05-22 04:36:25,405][anemoi.training.diagnostics.callbacks.plot][INFO] - Saved plot: /scratch3/NCEPDEV/fv3-cam/Ting.Lei/tlei-anemoi-training/base_3_v1_graphtransformer_finer_graph_v1_single_input_refc_input_no_hydrometeors/verify_3h_day20240505/plots/5a4203f8-8bf4-4e66-bd92-4726084c4588/plots/pred_val_sample_data_rstep02_out00_valid20240505T110000_rank0_vars8_temp_500_ugrd_850_chunk01__epoch000.png
[2026-05-22 04:36:25,459][anemoi.training.diagnostics.callbacks.plot][INFO] - PlotSample debug dataset=data batch=0008 rstep=00 out=00 vars=ugrd_500,ugrd_200,vgrd_925,vgrd_850,vgrd_500,vgrd_200 | latlon: finite_nodes=310241/310241 lat=[25,39.9842] lon=[-105,-90.0158] | input: finite=6825302/6825302 min=-26.7243 max=101536 | target: finite=6459178/6825302 min=-34.1118 max=101551 | pred: finite=6459178/6825302 min=-26.7243 max=101530
[2026-05-22 04:36:48,524][anemoi.training.diagnostics.callbacks.plot][INFO] - Saved plot: /scratch3/NCEPDEV/fv3-cam/Ting.Lei/tlei-anemoi-training/base_3_v1_graphtransformer_finer_graph_v1_single_input_refc_input_no_hydrometeors/verify_3h_day20240505/plots/5a4203f8-8bf4-4e66-bd92-4726084c4588/plots/pred_val_sample_data_rstep00_out00_valid20240505T090000_rank0_vars_ugrd_500-ugrd_200-vgrd_925-vgrd_850-vgrd_500-vgrd_200_chunk02__epoch000.png
[2026-05-22 04:36:48,567][anemoi.training.diagnostics.callbacks.plot][INFO] - PlotSample debug dataset=data batch=0008 rstep=01 out=00 vars=ugrd_500,ugrd_200,vgrd_925,vgrd_850,vgrd_500,vgrd_200 | latlon: finite_nodes=310241/310241 lat=[25,39.9842] lon=[-105,-90.0158] | input: finite=6825302/6825302 min=-26.7243 max=101536 | target: finite=6459178/6825302 min=-25.0852 max=101542 | pred: finite=6459178/6825302 min=-26.7243 max=101530
[2026-05-22 04:37:11,772][anemoi.training.diagnostics.callbacks.plot][INFO] - Saved plot: /scratch3/NCEPDEV/fv3-cam/Ting.Lei/tlei-anemoi-training/base_3_v1_graphtransformer_finer_graph_v1_single_input_refc_input_no_hydrometeors/verify_3h_day20240505/plots/5a4203f8-8bf4-4e66-bd92-4726084c4588/plots/pred_val_sample_data_rstep01_out00_valid20240505T100000_rank0_vars_ugrd_500-ugrd_200-vgrd_925-vgrd_850-vgrd_500-vgrd_200_chunk02__epoch000.png
[2026-05-22 04:37:11,821][anemoi.training.diagnostics.callbacks.plot][INFO] - PlotSample debug dataset=data batch=0008 rstep=02 out=00 vars=ugrd_500,ugrd_200,vgrd_925,vgrd_850,vgrd_500,vgrd_200 | latlon: finite_nodes=310241/310241 lat=[25,39.9842] lon=[-105,-90.0158] | input: finite=6825302/6825302 min=-26.7243 max=101536 | target: finite=6459178/6825302 min=-26.5374 max=101534 | pred: finite=6459178/6825302 min=-26.7243 max=101530
[2026-05-22 04:37:34,999][anemoi.training.diagnostics.callbacks.plot][INFO] - Saved plot: /scratch3/NCEPDEV/fv3-cam/Ting.Lei/tlei-anemoi-training/base_3_v1_graphtransformer_finer_graph_v1_single_input_refc_input_no_hydrometeors/verify_3h_day20240505/plots/5a4203f8-8bf4-4e66-bd92-4726084c4588/plots/pred_val_sample_data_rstep02_out00_valid20240505T110000_rank0_vars_ugrd_500-ugrd_200-vgrd_925-vgrd_850-vgrd_500-vgrd_200_chunk02__epoch000.png
[2026-05-22 04:37:37,022][anemoi.training.diagnostics.callbacks.export_predictions][INFO] - Exported predictions/targets to /scratch3/NCEPDEV/fv3-cam/Ting.Lei/tlei-anemoi-training/base_3_v1_graphtransformer_finer_graph_v1_single_input_refc_input_no_hydrometeors/verify_3h_day20240505/predictions/pred_target_epoch000_batch0008.*
Validation DataLoader 0: |          | 9/? [38:35<00:00,  0.00it/s][2026-05-22 04:37:37,906][anemoi.training.diagnostics.callbacks.plot][INFO] - PlotSample debug dataset=data batch=0009 rstep=00 out=00 vars=refc,pres_0g,height_925,height_850,height_500,height_200... | latlon: finite_nodes=310241/310241 lat=[25,39.9842] lon=[-105,-90.0158] | input: finite=6825302/6825302 min=-25.0468 max=101420 | target: finite=6459178/6825302 min=-22.2078 max=101429 | pred: finite=6459178/6825302 min=-25.0468 max=101401
[2026-05-22 04:38:08,676][anemoi.training.diagnostics.callbacks.plot][INFO] - Saved plot: /scratch3/NCEPDEV/fv3-cam/Ting.Lei/tlei-anemoi-training/base_3_v1_graphtransformer_finer_graph_v1_single_input_refc_input_no_hydrometeors/verify_3h_day20240505/plots/5a4203f8-8bf4-4e66-bd92-4726084c4588/plots/pred_val_sample_data_rstep00_out00_valid20240505T100000_rank0_vars8_refc_temp_850_chunk00__epoch000.png
[2026-05-22 04:38:08,714][anemoi.training.diagnostics.callbacks.plot][INFO] - PlotSample debug dataset=data batch=0009 rstep=01 out=00 vars=refc,pres_0g,height_925,height_850,height_500,height_200... | latlon: finite_nodes=310241/310241 lat=[25,39.9842] lon=[-105,-90.0158] | input: finite=6825302/6825302 min=-25.0468 max=101420 | target: finite=6459178/6825302 min=-21.8684 max=101549 | pred: finite=6459178/6825302 min=-25.0468 max=101401
[2026-05-22 04:38:39,735][anemoi.training.diagnostics.callbacks.plot][INFO] - Saved plot: /scratch3/NCEPDEV/fv3-cam/Ting.Lei/tlei-anemoi-training/base_3_v1_graphtransformer_finer_graph_v1_single_input_refc_input_no_hydrometeors/verify_3h_day20240505/plots/5a4203f8-8bf4-4e66-bd92-4726084c4588/plots/pred_val_sample_data_rstep01_out00_valid20240505T110000_rank0_vars8_refc_temp_850_chunk00__epoch000.png
[2026-05-22 04:38:39,782][anemoi.training.diagnostics.callbacks.plot][INFO] - PlotSample debug dataset=data batch=0009 rstep=02 out=00 vars=refc,pres_0g,height_925,height_850,height_500,height_200... | latlon: finite_nodes=310241/310241 lat=[25,39.9842] lon=[-105,-90.0158] | input: finite=6825302/6825302 min=-25.0468 max=101420 | target: finite=6459178/6825302 min=-23.8251 max=101464 | pred: finite=6459178/6825302 min=-25.0468 max=101401
[2026-05-22 04:39:11,015][anemoi.training.diagnostics.callbacks.plot][INFO] - Saved plot: /scratch3/NCEPDEV/fv3-cam/Ting.Lei/tlei-anemoi-training/base_3_v1_graphtransformer_finer_graph_v1_single_input_refc_input_no_hydrometeors/verify_3h_day20240505/plots/5a4203f8-8bf4-4e66-bd92-4726084c4588/plots/pred_val_sample_data_rstep02_out00_valid20240505T120000_rank0_vars8_refc_temp_850_chunk00__epoch000.png
[2026-05-22 04:39:11,072][anemoi.training.diagnostics.callbacks.plot][INFO] - PlotSample debug dataset=data batch=0009 rstep=00 out=00 vars=temp_500,temp_200,sphum_925,sphum_850,sphum_500,sphum_200... | latlon: finite_nodes=310241/310241 lat=[25,39.9842] lon=[-105,-90.0158] | input: finite=6825302/6825302 min=-25.0468 max=101420 | target: finite=6459178/6825302 min=-22.2078 max=101429 | pred: finite=6459178/6825302 min=-25.0468 max=101401
[2026-05-22 04:39:42,181][anemoi.training.diagnostics.callbacks.plot][INFO] - Saved plot: /scratch3/NCEPDEV/fv3-cam/Ting.Lei/tlei-anemoi-training/base_3_v1_graphtransformer_finer_graph_v1_single_input_refc_input_no_hydrometeors/verify_3h_day20240505/plots/5a4203f8-8bf4-4e66-bd92-4726084c4588/plots/pred_val_sample_data_rstep00_out00_valid20240505T100000_rank0_vars8_temp_500_ugrd_850_chunk01__epoch000.png
[2026-05-22 04:39:42,240][anemoi.training.diagnostics.callbacks.plot][INFO] - PlotSample debug dataset=data batch=0009 rstep=01 out=00 vars=temp_500,temp_200,sphum_925,sphum_850,sphum_500,sphum_200... | latlon: finite_nodes=310241/310241 lat=[25,39.9842] lon=[-105,-90.0158] | input: finite=6825302/6825302 min=-25.0468 max=101420 | target: finite=6459178/6825302 min=-21.8684 max=101549 | pred: finite=6459178/6825302 min=-25.0468 max=101401
[2026-05-22 04:40:13,427][anemoi.training.diagnostics.callbacks.plot][INFO] - Saved plot: /scratch3/NCEPDEV/fv3-cam/Ting.Lei/tlei-anemoi-training/base_3_v1_graphtransformer_finer_graph_v1_single_input_refc_input_no_hydrometeors/verify_3h_day20240505/plots/5a4203f8-8bf4-4e66-bd92-4726084c4588/plots/pred_val_sample_data_rstep01_out00_valid20240505T110000_rank0_vars8_temp_500_ugrd_850_chunk01__epoch000.png
[2026-05-22 04:40:13,487][anemoi.training.diagnostics.callbacks.plot][INFO] - PlotSample debug dataset=data batch=0009 rstep=02 out=00 vars=temp_500,temp_200,sphum_925,sphum_850,sphum_500,sphum_200... | latlon: finite_nodes=310241/310241 lat=[25,39.9842] lon=[-105,-90.0158] | input: finite=6825302/6825302 min=-25.0468 max=101420 | target: finite=6459178/6825302 min=-23.8251 max=101464 | pred: finite=6459178/6825302 min=-25.0468 max=101401
[2026-05-22 04:40:44,855][anemoi.training.diagnostics.callbacks.plot][INFO] - Saved plot: /scratch3/NCEPDEV/fv3-cam/Ting.Lei/tlei-anemoi-training/base_3_v1_graphtransformer_finer_graph_v1_single_input_refc_input_no_hydrometeors/verify_3h_day20240505/plots/5a4203f8-8bf4-4e66-bd92-4726084c4588/plots/pred_val_sample_data_rstep02_out00_valid20240505T120000_rank0_vars8_temp_500_ugrd_850_chunk01__epoch000.png
[2026-05-22 04:40:44,909][anemoi.training.diagnostics.callbacks.plot][INFO] - PlotSample debug dataset=data batch=0009 rstep=00 out=00 vars=ugrd_500,ugrd_200,vgrd_925,vgrd_850,vgrd_500,vgrd_200 | latlon: finite_nodes=310241/310241 lat=[25,39.9842] lon=[-105,-90.0158] | input: finite=6825302/6825302 min=-25.0468 max=101420 | target: finite=6459178/6825302 min=-22.2078 max=101429 | pred: finite=6459178/6825302 min=-25.0468 max=101401
[2026-05-22 04:41:08,524][anemoi.training.diagnostics.callbacks.plot][INFO] - Saved plot: /scratch3/NCEPDEV/fv3-cam/Ting.Lei/tlei-anemoi-training/base_3_v1_graphtransformer_finer_graph_v1_single_input_refc_input_no_hydrometeors/verify_3h_day20240505/plots/5a4203f8-8bf4-4e66-bd92-4726084c4588/plots/pred_val_sample_data_rstep00_out00_valid20240505T100000_rank0_vars_ugrd_500-ugrd_200-vgrd_925-vgrd_850-vgrd_500-vgrd_200_chunk02__epoch000.png
[2026-05-22 04:41:08,570][anemoi.training.diagnostics.callbacks.plot][INFO] - PlotSample debug dataset=data batch=0009 rstep=01 out=00 vars=ugrd_500,ugrd_200,vgrd_925,vgrd_850,vgrd_500,vgrd_200 | latlon: finite_nodes=310241/310241 lat=[25,39.9842] lon=[-105,-90.0158] | input: finite=6825302/6825302 min=-25.0468 max=101420 | target: finite=6459178/6825302 min=-21.8684 max=101549 | pred: finite=6459178/6825302 min=-25.0468 max=101401
[2026-05-22 04:41:31,750][anemoi.training.diagnostics.callbacks.plot][INFO] - Saved plot: /scratch3/NCEPDEV/fv3-cam/Ting.Lei/tlei-anemoi-training/base_3_v1_graphtransformer_finer_graph_v1_single_input_refc_input_no_hydrometeors/verify_3h_day20240505/plots/5a4203f8-8bf4-4e66-bd92-4726084c4588/plots/pred_val_sample_data_rstep01_out00_valid20240505T110000_rank0_vars_ugrd_500-ugrd_200-vgrd_925-vgrd_850-vgrd_500-vgrd_200_chunk02__epoch000.png
[2026-05-22 04:41:31,799][anemoi.training.diagnostics.callbacks.plot][INFO] - PlotSample debug dataset=data batch=0009 rstep=02 out=00 vars=ugrd_500,ugrd_200,vgrd_925,vgrd_850,vgrd_500,vgrd_200 | latlon: finite_nodes=310241/310241 lat=[25,39.9842] lon=[-105,-90.0158] | input: finite=6825302/6825302 min=-25.0468 max=101420 | target: finite=6459178/6825302 min=-23.8251 max=101464 | pred: finite=6459178/6825302 min=-25.0468 max=101401
[2026-05-22 04:41:55,211][anemoi.training.diagnostics.callbacks.plot][INFO] - Saved plot: /scratch3/NCEPDEV/fv3-cam/Ting.Lei/tlei-anemoi-training/base_3_v1_graphtransformer_finer_graph_v1_single_input_refc_input_no_hydrometeors/verify_3h_day20240505/plots/5a4203f8-8bf4-4e66-bd92-4726084c4588/plots/pred_val_sample_data_rstep02_out00_valid20240505T120000_rank0_vars_ugrd_500-ugrd_200-vgrd_925-vgrd_850-vgrd_500-vgrd_200_chunk02__epoch000.png
[2026-05-22 04:41:55,717][anemoi.training.diagnostics.callbacks.export_predictions][INFO] - Exported predictions/targets to /scratch3/NCEPDEV/fv3-cam/Ting.Lei/tlei-anemoi-training/base_3_v1_graphtransformer_finer_graph_v1_single_input_refc_input_no_hydrometeors/verify_3h_day20240505/predictions/pred_target_epoch000_batch0009.*
Validation DataLoader 0: |          | 10/? [42:54<00:00,  0.00it/s][2026-05-22 04:41:56,838][anemoi.training.diagnostics.callbacks.plot][INFO] - PlotSample debug dataset=data batch=0010 rstep=00 out=00 vars=refc,pres_0g,height_925,height_850,height_500,height_200... | latlon: finite_nodes=310241/310241 lat=[25,39.9842] lon=[-105,-90.0158] | input: finite=6825302/6825302 min=-22.1705 max=101606 | target: finite=6459178/6825302 min=-21.2449 max=101697 | pred: finite=6459178/6825302 min=-22.1705 max=101606
[2026-05-22 04:42:27,652][anemoi.training.diagnostics.callbacks.plot][INFO] - Saved plot: /scratch3/NCEPDEV/fv3-cam/Ting.Lei/tlei-anemoi-training/base_3_v1_graphtransformer_finer_graph_v1_single_input_refc_input_no_hydrometeors/verify_3h_day20240505/plots/5a4203f8-8bf4-4e66-bd92-4726084c4588/plots/pred_val_sample_data_rstep00_out00_valid20240505T110000_rank0_vars8_refc_temp_850_chunk00__epoch000.png
[2026-05-22 04:42:27,697][anemoi.training.diagnostics.callbacks.plot][INFO] - PlotSample debug dataset=data batch=0010 rstep=01 out=00 vars=refc,pres_0g,height_925,height_850,height_500,height_200... | latlon: finite_nodes=310241/310241 lat=[25,39.9842] lon=[-105,-90.0158] | input: finite=6825302/6825302 min=-22.1705 max=101606 | target: finite=6459178/6825302 min=-20.7549 max=101760 | pred: finite=6459178/6825302 min=-22.1705 max=101606
[2026-05-22 04:42:58,734][anemoi.training.diagnostics.callbacks.plot][INFO] - Saved plot: /scratch3/NCEPDEV/fv3-cam/Ting.Lei/tlei-anemoi-training/base_3_v1_graphtransformer_finer_graph_v1_single_input_refc_input_no_hydrometeors/verify_3h_day20240505/plots/5a4203f8-8bf4-4e66-bd92-4726084c4588/plots/pred_val_sample_data_rstep01_out00_valid20240505T120000_rank0_vars8_refc_temp_850_chunk00__epoch000.png
[2026-05-22 04:42:58,784][anemoi.training.diagnostics.callbacks.plot][INFO] - PlotSample debug dataset=data batch=0010 rstep=02 out=00 vars=refc,pres_0g,height_925,height_850,height_500,height_200... | latlon: finite_nodes=310241/310241 lat=[25,39.9842] lon=[-105,-90.0158] | input: finite=6825302/6825302 min=-22.1705 max=101606 | target: finite=6459178/6825302 min=-20 max=101823 | pred: finite=6459178/6825302 min=-22.1705 max=101606
[2026-05-22 04:43:29,593][anemoi.training.diagnostics.callbacks.plot][INFO] - Saved plot: /scratch3/NCEPDEV/fv3-cam/Ting.Lei/tlei-anemoi-training/base_3_v1_graphtransformer_finer_graph_v1_single_input_refc_input_no_hydrometeors/verify_3h_day20240505/plots/5a4203f8-8bf4-4e66-bd92-4726084c4588/plots/pred_val_sample_data_rstep02_out00_valid20240505T130000_rank0_vars8_refc_temp_850_chunk00__epoch000.png
[2026-05-22 04:43:29,645][anemoi.training.diagnostics.callbacks.plot][INFO] - PlotSample debug dataset=data batch=0010 rstep=00 out=00 vars=temp_500,temp_200,sphum_925,sphum_850,sphum_500,sphum_200... | latlon: finite_nodes=310241/310241 lat=[25,39.9842] lon=[-105,-90.0158] | input: finite=6825302/6825302 min=-22.1705 max=101606 | target: finite=6459178/6825302 min=-21.2449 max=101697 | pred: finite=6459178/6825302 min=-22.1705 max=101606
[2026-05-22 04:44:02,336][anemoi.training.diagnostics.callbacks.plot][INFO] - Saved plot: /scratch3/NCEPDEV/fv3-cam/Ting.Lei/tlei-anemoi-training/base_3_v1_graphtransformer_finer_graph_v1_single_input_refc_input_no_hydrometeors/verify_3h_day20240505/plots/5a4203f8-8bf4-4e66-bd92-4726084c4588/plots/pred_val_sample_data_rstep00_out00_valid20240505T110000_rank0_vars8_temp_500_ugrd_850_chunk01__epoch000.png
[2026-05-22 04:44:02,400][anemoi.training.diagnostics.callbacks.plot][INFO] - PlotSample debug dataset=data batch=0010 rstep=01 out=00 vars=temp_500,temp_200,sphum_925,sphum_850,sphum_500,sphum_200... | latlon: finite_nodes=310241/310241 lat=[25,39.9842] lon=[-105,-90.0158] | input: finite=6825302/6825302 min=-22.1705 max=101606 | target: finite=6459178/6825302 min=-20.7549 max=101760 | pred: finite=6459178/6825302 min=-22.1705 max=101606
[2026-05-22 04:44:33,479][anemoi.training.diagnostics.callbacks.plot][INFO] - Saved plot: /scratch3/NCEPDEV/fv3-cam/Ting.Lei/tlei-anemoi-training/base_3_v1_graphtransformer_finer_graph_v1_single_input_refc_input_no_hydrometeors/verify_3h_day20240505/plots/5a4203f8-8bf4-4e66-bd92-4726084c4588/plots/pred_val_sample_data_rstep01_out00_valid20240505T120000_rank0_vars8_temp_500_ugrd_850_chunk01__epoch000.png
[2026-05-22 04:44:33,529][anemoi.training.diagnostics.callbacks.plot][INFO] - PlotSample debug dataset=data batch=0010 rstep=02 out=00 vars=temp_500,temp_200,sphum_925,sphum_850,sphum_500,sphum_200... | latlon: finite_nodes=310241/310241 lat=[25,39.9842] lon=[-105,-90.0158] | input: finite=6825302/6825302 min=-22.1705 max=101606 | target: finite=6459178/6825302 min=-20 max=101823 | pred: finite=6459178/6825302 min=-22.1705 max=101606
[2026-05-22 04:45:04,067][anemoi.training.diagnostics.callbacks.plot][INFO] - Saved plot: /scratch3/NCEPDEV/fv3-cam/Ting.Lei/tlei-anemoi-training/base_3_v1_graphtransformer_finer_graph_v1_single_input_refc_input_no_hydrometeors/verify_3h_day20240505/plots/5a4203f8-8bf4-4e66-bd92-4726084c4588/plots/pred_val_sample_data_rstep02_out00_valid20240505T130000_rank0_vars8_temp_500_ugrd_850_chunk01__epoch000.png
[2026-05-22 04:45:04,117][anemoi.training.diagnostics.callbacks.plot][INFO] - PlotSample debug dataset=data batch=0010 rstep=00 out=00 vars=ugrd_500,ugrd_200,vgrd_925,vgrd_850,vgrd_500,vgrd_200 | latlon: finite_nodes=310241/310241 lat=[25,39.9842] lon=[-105,-90.0158] | input: finite=6825302/6825302 min=-22.1705 max=101606 | target: finite=6459178/6825302 min=-21.2449 max=101697 | pred: finite=6459178/6825302 min=-22.1705 max=101606
[2026-05-22 04:45:27,487][anemoi.training.diagnostics.callbacks.plot][INFO] - Saved plot: /scratch3/NCEPDEV/fv3-cam/Ting.Lei/tlei-anemoi-training/base_3_v1_graphtransformer_finer_graph_v1_single_input_refc_input_no_hydrometeors/verify_3h_day20240505/plots/5a4203f8-8bf4-4e66-bd92-4726084c4588/plots/pred_val_sample_data_rstep00_out00_valid20240505T110000_rank0_vars_ugrd_500-ugrd_200-vgrd_925-vgrd_850-vgrd_500-vgrd_200_chunk02__epoch000.png
[2026-05-22 04:45:27,539][anemoi.training.diagnostics.callbacks.plot][INFO] - PlotSample debug dataset=data batch=0010 rstep=01 out=00 vars=ugrd_500,ugrd_200,vgrd_925,vgrd_850,vgrd_500,vgrd_200 | latlon: finite_nodes=310241/310241 lat=[25,39.9842] lon=[-105,-90.0158] | input: finite=6825302/6825302 min=-22.1705 max=101606 | target: finite=6459178/6825302 min=-20.7549 max=101760 | pred: finite=6459178/6825302 min=-22.1705 max=101606
[2026-05-22 04:45:50,714][anemoi.training.diagnostics.callbacks.plot][INFO] - Saved plot: /scratch3/NCEPDEV/fv3-cam/Ting.Lei/tlei-anemoi-training/base_3_v1_graphtransformer_finer_graph_v1_single_input_refc_input_no_hydrometeors/verify_3h_day20240505/plots/5a4203f8-8bf4-4e66-bd92-4726084c4588/plots/pred_val_sample_data_rstep01_out00_valid20240505T120000_rank0_vars_ugrd_500-ugrd_200-vgrd_925-vgrd_850-vgrd_500-vgrd_200_chunk02__epoch000.png
[2026-05-22 04:45:50,767][anemoi.training.diagnostics.callbacks.plot][INFO] - PlotSample debug dataset=data batch=0010 rstep=02 out=00 vars=ugrd_500,ugrd_200,vgrd_925,vgrd_850,vgrd_500,vgrd_200 | latlon: finite_nodes=310241/310241 lat=[25,39.9842] lon=[-105,-90.0158] | input: finite=6825302/6825302 min=-22.1705 max=101606 | target: finite=6459178/6825302 min=-20 max=101823 | pred: finite=6459178/6825302 min=-22.1705 max=101606
[2026-05-22 04:46:13,788][anemoi.training.diagnostics.callbacks.plot][INFO] - Saved plot: /scratch3/NCEPDEV/fv3-cam/Ting.Lei/tlei-anemoi-training/base_3_v1_graphtransformer_finer_graph_v1_single_input_refc_input_no_hydrometeors/verify_3h_day20240505/plots/5a4203f8-8bf4-4e66-bd92-4726084c4588/plots/pred_val_sample_data_rstep02_out00_valid20240505T130000_rank0_vars_ugrd_500-ugrd_200-vgrd_925-vgrd_850-vgrd_500-vgrd_200_chunk02__epoch000.png
[2026-05-22 04:46:14,235][anemoi.training.diagnostics.callbacks.export_predictions][INFO] - Exported predictions/targets to /scratch3/NCEPDEV/fv3-cam/Ting.Lei/tlei-anemoi-training/base_3_v1_graphtransformer_finer_graph_v1_single_input_refc_input_no_hydrometeors/verify_3h_day20240505/predictions/pred_target_epoch000_batch0010.*
Validation DataLoader 0: |          | 11/? [47:13<00:00,  0.00it/s][2026-05-22 04:46:15,076][anemoi.training.diagnostics.callbacks.plot][INFO] - PlotSample debug dataset=data batch=0011 rstep=00 out=00 vars=refc,pres_0g,height_925,height_850,height_500,height_200... | latlon: finite_nodes=310241/310241 lat=[25,39.9842] lon=[-105,-90.0158] | input: finite=6825302/6825302 min=-23.4456 max=101710 | target: finite=6459178/6825302 min=-22.1237 max=101737 | pred: finite=6459178/6825302 min=-23.4456 max=101710
[2026-05-22 04:46:45,645][anemoi.training.diagnostics.callbacks.plot][INFO] - Saved plot: /scratch3/NCEPDEV/fv3-cam/Ting.Lei/tlei-anemoi-training/base_3_v1_graphtransformer_finer_graph_v1_single_input_refc_input_no_hydrometeors/verify_3h_day20240505/plots/5a4203f8-8bf4-4e66-bd92-4726084c4588/plots/pred_val_sample_data_rstep00_out00_valid20240505T120000_rank0_vars8_refc_temp_850_chunk00__epoch000.png
[2026-05-22 04:46:45,695][anemoi.training.diagnostics.callbacks.plot][INFO] - PlotSample debug dataset=data batch=0011 rstep=01 out=00 vars=refc,pres_0g,height_925,height_850,height_500,height_200... | latlon: finite_nodes=310241/310241 lat=[25,39.9842] lon=[-105,-90.0158] | input: finite=6825302/6825302 min=-23.4456 max=101710 | target: finite=6459178/6825302 min=-33.0153 max=101651 | pred: finite=6459178/6825302 min=-23.4456 max=101710
[2026-05-22 04:47:16,520][anemoi.training.diagnostics.callbacks.plot][INFO] - Saved plot: /scratch3/NCEPDEV/fv3-cam/Ting.Lei/tlei-anemoi-training/base_3_v1_graphtransformer_finer_graph_v1_single_input_refc_input_no_hydrometeors/verify_3h_day20240505/plots/5a4203f8-8bf4-4e66-bd92-4726084c4588/plots/pred_val_sample_data_rstep01_out00_valid20240505T130000_rank0_vars8_refc_temp_850_chunk00__epoch000.png
[2026-05-22 04:47:16,570][anemoi.training.diagnostics.callbacks.plot][INFO] - PlotSample debug dataset=data batch=0011 rstep=02 out=00 vars=refc,pres_0g,height_925,height_850,height_500,height_200... | latlon: finite_nodes=310241/310241 lat=[25,39.9842] lon=[-105,-90.0158] | input: finite=6825302/6825302 min=-23.4456 max=101710 | target: finite=6459178/6825302 min=-23.4727 max=101538 | pred: finite=6459178/6825302 min=-23.4456 max=101710
[2026-05-22 04:47:47,589][anemoi.training.diagnostics.callbacks.plot][INFO] - Saved plot: /scratch3/NCEPDEV/fv3-cam/Ting.Lei/tlei-anemoi-training/base_3_v1_graphtransformer_finer_graph_v1_single_input_refc_input_no_hydrometeors/verify_3h_day20240505/plots/5a4203f8-8bf4-4e66-bd92-4726084c4588/plots/pred_val_sample_data_rstep02_out00_valid20240505T140000_rank0_vars8_refc_temp_850_chunk00__epoch000.png
[2026-05-22 04:47:47,641][anemoi.training.diagnostics.callbacks.plot][INFO] - PlotSample debug dataset=data batch=0011 rstep=00 out=00 vars=temp_500,temp_200,sphum_925,sphum_850,sphum_500,sphum_200... | latlon: finite_nodes=310241/310241 lat=[25,39.9842] lon=[-105,-90.0158] | input: finite=6825302/6825302 min=-23.4456 max=101710 | target: finite=6459178/6825302 min=-22.1237 max=101737 | pred: finite=6459178/6825302 min=-23.4456 max=101710
[2026-05-22 04:48:18,192][anemoi.training.diagnostics.callbacks.plot][INFO] - Saved plot: /scratch3/NCEPDEV/fv3-cam/Ting.Lei/tlei-anemoi-training/base_3_v1_graphtransformer_finer_graph_v1_single_input_refc_input_no_hydrometeors/verify_3h_day20240505/plots/5a4203f8-8bf4-4e66-bd92-4726084c4588/plots/pred_val_sample_data_rstep00_out00_valid20240505T120000_rank0_vars8_temp_500_ugrd_850_chunk01__epoch000.png
[2026-05-22 04:48:18,247][anemoi.training.diagnostics.callbacks.plot][INFO] - PlotSample debug dataset=data batch=0011 rstep=01 out=00 vars=temp_500,temp_200,sphum_925,sphum_850,sphum_500,sphum_200... | latlon: finite_nodes=310241/310241 lat=[25,39.9842] lon=[-105,-90.0158] | input: finite=6825302/6825302 min=-23.4456 max=101710 | target: finite=6459178/6825302 min=-33.0153 max=101651 | pred: finite=6459178/6825302 min=-23.4456 max=101710
[2026-05-22 04:48:49,498][anemoi.training.diagnostics.callbacks.plot][INFO] - Saved plot: /scratch3/NCEPDEV/fv3-cam/Ting.Lei/tlei-anemoi-training/base_3_v1_graphtransformer_finer_graph_v1_single_input_refc_input_no_hydrometeors/verify_3h_day20240505/plots/5a4203f8-8bf4-4e66-bd92-4726084c4588/plots/pred_val_sample_data_rstep01_out00_valid20240505T130000_rank0_vars8_temp_500_ugrd_850_chunk01__epoch000.png
[2026-05-22 04:48:49,553][anemoi.training.diagnostics.callbacks.plot][INFO] - PlotSample debug dataset=data batch=0011 rstep=02 out=00 vars=temp_500,temp_200,sphum_925,sphum_850,sphum_500,sphum_200... | latlon: finite_nodes=310241/310241 lat=[25,39.9842] lon=[-105,-90.0158] | input: finite=6825302/6825302 min=-23.4456 max=101710 | target: finite=6459178/6825302 min=-23.4727 max=101538 | pred: finite=6459178/6825302 min=-23.4456 max=101710
[2026-05-22 04:49:20,658][anemoi.training.diagnostics.callbacks.plot][INFO] - Saved plot: /scratch3/NCEPDEV/fv3-cam/Ting.Lei/tlei-anemoi-training/base_3_v1_graphtransformer_finer_graph_v1_single_input_refc_input_no_hydrometeors/verify_3h_day20240505/plots/5a4203f8-8bf4-4e66-bd92-4726084c4588/plots/pred_val_sample_data_rstep02_out00_valid20240505T140000_rank0_vars8_temp_500_ugrd_850_chunk01__epoch000.png
[2026-05-22 04:49:20,712][anemoi.training.diagnostics.callbacks.plot][INFO] - PlotSample debug dataset=data batch=0011 rstep=00 out=00 vars=ugrd_500,ugrd_200,vgrd_925,vgrd_850,vgrd_500,vgrd_200 | latlon: finite_nodes=310241/310241 lat=[25,39.9842] lon=[-105,-90.0158] | input: finite=6825302/6825302 min=-23.4456 max=101710 | target: finite=6459178/6825302 min=-22.1237 max=101737 | pred: finite=6459178/6825302 min=-23.4456 max=101710
[2026-05-22 04:49:43,859][anemoi.training.diagnostics.callbacks.plot][INFO] - Saved plot: /scratch3/NCEPDEV/fv3-cam/Ting.Lei/tlei-anemoi-training/base_3_v1_graphtransformer_finer_graph_v1_single_input_refc_input_no_hydrometeors/verify_3h_day20240505/plots/5a4203f8-8bf4-4e66-bd92-4726084c4588/plots/pred_val_sample_data_rstep00_out00_valid20240505T120000_rank0_vars_ugrd_500-ugrd_200-vgrd_925-vgrd_850-vgrd_500-vgrd_200_chunk02__epoch000.png
[2026-05-22 04:49:43,904][anemoi.training.diagnostics.callbacks.plot][INFO] - PlotSample debug dataset=data batch=0011 rstep=01 out=00 vars=ugrd_500,ugrd_200,vgrd_925,vgrd_850,vgrd_500,vgrd_200 | latlon: finite_nodes=310241/310241 lat=[25,39.9842] lon=[-105,-90.0158] | input: finite=6825302/6825302 min=-23.4456 max=101710 | target: finite=6459178/6825302 min=-33.0153 max=101651 | pred: finite=6459178/6825302 min=-23.4456 max=101710
[2026-05-22 04:50:07,212][anemoi.training.diagnostics.callbacks.plot][INFO] - Saved plot: /scratch3/NCEPDEV/fv3-cam/Ting.Lei/tlei-anemoi-training/base_3_v1_graphtransformer_finer_graph_v1_single_input_refc_input_no_hydrometeors/verify_3h_day20240505/plots/5a4203f8-8bf4-4e66-bd92-4726084c4588/plots/pred_val_sample_data_rstep01_out00_valid20240505T130000_rank0_vars_ugrd_500-ugrd_200-vgrd_925-vgrd_850-vgrd_500-vgrd_200_chunk02__epoch000.png
[2026-05-22 04:50:07,261][anemoi.training.diagnostics.callbacks.plot][INFO] - PlotSample debug dataset=data batch=0011 rstep=02 out=00 vars=ugrd_500,ugrd_200,vgrd_925,vgrd_850,vgrd_500,vgrd_200 | latlon: finite_nodes=310241/310241 lat=[25,39.9842] lon=[-105,-90.0158] | input: finite=6825302/6825302 min=-23.4456 max=101710 | target: finite=6459178/6825302 min=-23.4727 max=101538 | pred: finite=6459178/6825302 min=-23.4456 max=101710
[2026-05-22 04:50:30,428][anemoi.training.diagnostics.callbacks.plot][INFO] - Saved plot: /scratch3/NCEPDEV/fv3-cam/Ting.Lei/tlei-anemoi-training/base_3_v1_graphtransformer_finer_graph_v1_single_input_refc_input_no_hydrometeors/verify_3h_day20240505/plots/5a4203f8-8bf4-4e66-bd92-4726084c4588/plots/pred_val_sample_data_rstep02_out00_valid20240505T140000_rank0_vars_ugrd_500-ugrd_200-vgrd_925-vgrd_850-vgrd_500-vgrd_200_chunk02__epoch000.png
[2026-05-22 04:50:32,088][anemoi.training.diagnostics.callbacks.export_predictions][INFO] - Exported predictions/targets to /scratch3/NCEPDEV/fv3-cam/Ting.Lei/tlei-anemoi-training/base_3_v1_graphtransformer_finer_graph_v1_single_input_refc_input_no_hydrometeors/verify_3h_day20240505/predictions/pred_target_epoch000_batch0011.*
Validation DataLoader 0: |          | 12/? [51:31<00:00,  0.00it/s][2026-05-22 04:50:33,211][anemoi.training.diagnostics.callbacks.plot][INFO] - PlotSample debug dataset=data batch=0012 rstep=00 out=00 vars=refc,pres_0g,height_925,height_850,height_500,height_200... | latlon: finite_nodes=310241/310241 lat=[25,39.9842] lon=[-105,-90.0158] | input: finite=6825302/6825302 min=-34.1118 max=101565 | target: finite=6459178/6825302 min=-25.0852 max=101542 | pred: finite=6459178/6825302 min=-34.1118 max=101551
[2026-05-22 04:51:04,140][anemoi.training.diagnostics.callbacks.plot][INFO] - Saved plot: /scratch3/NCEPDEV/fv3-cam/Ting.Lei/tlei-anemoi-training/base_3_v1_graphtransformer_finer_graph_v1_single_input_refc_input_no_hydrometeors/verify_3h_day20240505/plots/5a4203f8-8bf4-4e66-bd92-4726084c4588/plots/pred_val_sample_data_rstep00_out00_valid20240505T130000_rank0_vars8_refc_temp_850_chunk00__epoch000.png
[2026-05-22 04:51:04,193][anemoi.training.diagnostics.callbacks.plot][INFO] - PlotSample debug dataset=data batch=0012 rstep=01 out=00 vars=refc,pres_0g,height_925,height_850,height_500,height_200... | latlon: finite_nodes=310241/310241 lat=[25,39.9842] lon=[-105,-90.0158] | input: finite=6825302/6825302 min=-34.1118 max=101565 | target: finite=6459178/6825302 min=-26.5374 max=101534 | pred: finite=6459178/6825302 min=-34.1118 max=101551
[2026-05-22 04:51:34,657][anemoi.training.diagnostics.callbacks.plot][INFO] - Saved plot: /scratch3/NCEPDEV/fv3-cam/Ting.Lei/tlei-anemoi-training/base_3_v1_graphtransformer_finer_graph_v1_single_input_refc_input_no_hydrometeors/verify_3h_day20240505/plots/5a4203f8-8bf4-4e66-bd92-4726084c4588/plots/pred_val_sample_data_rstep01_out00_valid20240505T140000_rank0_vars8_refc_temp_850_chunk00__epoch000.png
[2026-05-22 04:51:34,704][anemoi.training.diagnostics.callbacks.plot][INFO] - PlotSample debug dataset=data batch=0012 rstep=02 out=00 vars=refc,pres_0g,height_925,height_850,height_500,height_200... | latlon: finite_nodes=310241/310241 lat=[25,39.9842] lon=[-105,-90.0158] | input: finite=6825302/6825302 min=-34.1118 max=101565 | target: finite=6459178/6825302 min=-27.179 max=101482 | pred: finite=6459178/6825302 min=-34.1118 max=101551
[2026-05-22 04:52:05,750][anemoi.training.diagnostics.callbacks.plot][INFO] - Saved plot: /scratch3/NCEPDEV/fv3-cam/Ting.Lei/tlei-anemoi-training/base_3_v1_graphtransformer_finer_graph_v1_single_input_refc_input_no_hydrometeors/verify_3h_day20240505/plots/5a4203f8-8bf4-4e66-bd92-4726084c4588/plots/pred_val_sample_data_rstep02_out00_valid20240505T150000_rank0_vars8_refc_temp_850_chunk00__epoch000.png
[2026-05-22 04:52:05,794][anemoi.training.diagnostics.callbacks.plot][INFO] - PlotSample debug dataset=data batch=0012 rstep=00 out=00 vars=temp_500,temp_200,sphum_925,sphum_850,sphum_500,sphum_200... | latlon: finite_nodes=310241/310241 lat=[25,39.9842] lon=[-105,-90.0158] | input: finite=6825302/6825302 min=-34.1118 max=101565 | target: finite=6459178/6825302 min=-25.0852 max=101542 | pred: finite=6459178/6825302 min=-34.1118 max=101551
[2026-05-22 04:52:36,840][anemoi.training.diagnostics.callbacks.plot][INFO] - Saved plot: /scratch3/NCEPDEV/fv3-cam/Ting.Lei/tlei-anemoi-training/base_3_v1_graphtransformer_finer_graph_v1_single_input_refc_input_no_hydrometeors/verify_3h_day20240505/plots/5a4203f8-8bf4-4e66-bd92-4726084c4588/plots/pred_val_sample_data_rstep00_out00_valid20240505T130000_rank0_vars8_temp_500_ugrd_850_chunk01__epoch000.png
[2026-05-22 04:52:36,889][anemoi.training.diagnostics.callbacks.plot][INFO] - PlotSample debug dataset=data batch=0012 rstep=01 out=00 vars=temp_500,temp_200,sphum_925,sphum_850,sphum_500,sphum_200... | latlon: finite_nodes=310241/310241 lat=[25,39.9842] lon=[-105,-90.0158] | input: finite=6825302/6825302 min=-34.1118 max=101565 | target: finite=6459178/6825302 min=-26.5374 max=101534 | pred: finite=6459178/6825302 min=-34.1118 max=101551
[2026-05-22 04:53:08,027][anemoi.training.diagnostics.callbacks.plot][INFO] - Saved plot: /scratch3/NCEPDEV/fv3-cam/Ting.Lei/tlei-anemoi-training/base_3_v1_graphtransformer_finer_graph_v1_single_input_refc_input_no_hydrometeors/verify_3h_day20240505/plots/5a4203f8-8bf4-4e66-bd92-4726084c4588/plots/pred_val_sample_data_rstep01_out00_valid20240505T140000_rank0_vars8_temp_500_ugrd_850_chunk01__epoch000.png
[2026-05-22 04:53:08,076][anemoi.training.diagnostics.callbacks.plot][INFO] - PlotSample debug dataset=data batch=0012 rstep=02 out=00 vars=temp_500,temp_200,sphum_925,sphum_850,sphum_500,sphum_200... | latlon: finite_nodes=310241/310241 lat=[25,39.9842] lon=[-105,-90.0158] | input: finite=6825302/6825302 min=-34.1118 max=101565 | target: finite=6459178/6825302 min=-27.179 max=101482 | pred: finite=6459178/6825302 min=-34.1118 max=101551
[2026-05-22 04:53:39,300][anemoi.training.diagnostics.callbacks.plot][INFO] - Saved plot: /scratch3/NCEPDEV/fv3-cam/Ting.Lei/tlei-anemoi-training/base_3_v1_graphtransformer_finer_graph_v1_single_input_refc_input_no_hydrometeors/verify_3h_day20240505/plots/5a4203f8-8bf4-4e66-bd92-4726084c4588/plots/pred_val_sample_data_rstep02_out00_valid20240505T150000_rank0_vars8_temp_500_ugrd_850_chunk01__epoch000.png
[2026-05-22 04:53:39,348][anemoi.training.diagnostics.callbacks.plot][INFO] - PlotSample debug dataset=data batch=0012 rstep=00 out=00 vars=ugrd_500,ugrd_200,vgrd_925,vgrd_850,vgrd_500,vgrd_200 | latlon: finite_nodes=310241/310241 lat=[25,39.9842] lon=[-105,-90.0158] | input: finite=6825302/6825302 min=-34.1118 max=101565 | target: finite=6459178/6825302 min=-25.0852 max=101542 | pred: finite=6459178/6825302 min=-34.1118 max=101551
[2026-05-22 04:54:03,231][anemoi.training.diagnostics.callbacks.plot][INFO] - Saved plot: /scratch3/NCEPDEV/fv3-cam/Ting.Lei/tlei-anemoi-training/base_3_v1_graphtransformer_finer_graph_v1_single_input_refc_input_no_hydrometeors/verify_3h_day20240505/plots/5a4203f8-8bf4-4e66-bd92-4726084c4588/plots/pred_val_sample_data_rstep00_out00_valid20240505T130000_rank0_vars_ugrd_500-ugrd_200-vgrd_925-vgrd_850-vgrd_500-vgrd_200_chunk02__epoch000.png
[2026-05-22 04:54:03,281][anemoi.training.diagnostics.callbacks.plot][INFO] - PlotSample debug dataset=data batch=0012 rstep=01 out=00 vars=ugrd_500,ugrd_200,vgrd_925,vgrd_850,vgrd_500,vgrd_200 | latlon: finite_nodes=310241/310241 lat=[25,39.9842] lon=[-105,-90.0158] | input: finite=6825302/6825302 min=-34.1118 max=101565 | target: finite=6459178/6825302 min=-26.5374 max=101534 | pred: finite=6459178/6825302 min=-34.1118 max=101551
[2026-05-22 04:54:26,521][anemoi.training.diagnostics.callbacks.plot][INFO] - Saved plot: /scratch3/NCEPDEV/fv3-cam/Ting.Lei/tlei-anemoi-training/base_3_v1_graphtransformer_finer_graph_v1_single_input_refc_input_no_hydrometeors/verify_3h_day20240505/plots/5a4203f8-8bf4-4e66-bd92-4726084c4588/plots/pred_val_sample_data_rstep01_out00_valid20240505T140000_rank0_vars_ugrd_500-ugrd_200-vgrd_925-vgrd_850-vgrd_500-vgrd_200_chunk02__epoch000.png
[2026-05-22 04:54:26,575][anemoi.training.diagnostics.callbacks.plot][INFO] - PlotSample debug dataset=data batch=0012 rstep=02 out=00 vars=ugrd_500,ugrd_200,vgrd_925,vgrd_850,vgrd_500,vgrd_200 | latlon: finite_nodes=310241/310241 lat=[25,39.9842] lon=[-105,-90.0158] | input: finite=6825302/6825302 min=-34.1118 max=101565 | target: finite=6459178/6825302 min=-27.179 max=101482 | pred: finite=6459178/6825302 min=-34.1118 max=101551
[2026-05-22 04:54:50,143][anemoi.training.diagnostics.callbacks.plot][INFO] - Saved plot: /scratch3/NCEPDEV/fv3-cam/Ting.Lei/tlei-anemoi-training/base_3_v1_graphtransformer_finer_graph_v1_single_input_refc_input_no_hydrometeors/verify_3h_day20240505/plots/5a4203f8-8bf4-4e66-bd92-4726084c4588/plots/pred_val_sample_data_rstep02_out00_valid20240505T150000_rank0_vars_ugrd_500-ugrd_200-vgrd_925-vgrd_850-vgrd_500-vgrd_200_chunk02__epoch000.png
[2026-05-22 04:54:50,590][anemoi.training.diagnostics.callbacks.export_predictions][INFO] - Exported predictions/targets to /scratch3/NCEPDEV/fv3-cam/Ting.Lei/tlei-anemoi-training/base_3_v1_graphtransformer_finer_graph_v1_single_input_refc_input_no_hydrometeors/verify_3h_day20240505/predictions/pred_target_epoch000_batch0012.*
Validation DataLoader 0: |          | 13/? [55:49<00:00,  0.00it/s][2026-05-22 04:54:51,486][anemoi.training.diagnostics.callbacks.plot][INFO] - PlotSample debug dataset=data batch=0013 rstep=00 out=00 vars=refc,pres_0g,height_925,height_850,height_500,height_200... | latlon: finite_nodes=310241/310241 lat=[25,39.9842] lon=[-105,-90.0158] | input: finite=6825302/6825302 min=-22.3243 max=101448 | target: finite=6459178/6825302 min=-21.8684 max=101549 | pred: finite=6459178/6825302 min=-22.2078 max=101429
[2026-05-22 04:55:21,979][anemoi.training.diagnostics.callbacks.plot][INFO] - Saved plot: /scratch3/NCEPDEV/fv3-cam/Ting.Lei/tlei-anemoi-training/base_3_v1_graphtransformer_finer_graph_v1_single_input_refc_input_no_hydrometeors/verify_3h_day20240505/plots/5a4203f8-8bf4-4e66-bd92-4726084c4588/plots/pred_val_sample_data_rstep00_out00_valid20240505T140000_rank0_vars8_refc_temp_850_chunk00__epoch000.png
[2026-05-22 04:55:22,028][anemoi.training.diagnostics.callbacks.plot][INFO] - PlotSample debug dataset=data batch=0013 rstep=01 out=00 vars=refc,pres_0g,height_925,height_850,height_500,height_200... | latlon: finite_nodes=310241/310241 lat=[25,39.9842] lon=[-105,-90.0158] | input: finite=6825302/6825302 min=-22.3243 max=101448 | target: finite=6459178/6825302 min=-23.8251 max=101464 | pred: finite=6459178/6825302 min=-22.2078 max=101429
[2026-05-22 04:55:52,835][anemoi.training.diagnostics.callbacks.plot][INFO] - Saved plot: /scratch3/NCEPDEV/fv3-cam/Ting.Lei/tlei-anemoi-training/base_3_v1_graphtransformer_finer_graph_v1_single_input_refc_input_no_hydrometeors/verify_3h_day20240505/plots/5a4203f8-8bf4-4e66-bd92-4726084c4588/plots/pred_val_sample_data_rstep01_out00_valid20240505T150000_rank0_vars8_refc_temp_850_chunk00__epoch000.png
[2026-05-22 04:55:52,885][anemoi.training.diagnostics.callbacks.plot][INFO] - PlotSample debug dataset=data batch=0013 rstep=02 out=00 vars=refc,pres_0g,height_925,height_850,height_500,height_200... | latlon: finite_nodes=310241/310241 lat=[25,39.9842] lon=[-105,-90.0158] | input: finite=6825302/6825302 min=-22.3243 max=101448 | target: finite=6459178/6825302 min=-23.5026 max=101541 | pred: finite=6459178/6825302 min=-22.2078 max=101429
[2026-05-22 04:56:23,893][anemoi.training.diagnostics.callbacks.plot][INFO] - Saved plot: /scratch3/NCEPDEV/fv3-cam/Ting.Lei/tlei-anemoi-training/base_3_v1_graphtransformer_finer_graph_v1_single_input_refc_input_no_hydrometeors/verify_3h_day20240505/plots/5a4203f8-8bf4-4e66-bd92-4726084c4588/plots/pred_val_sample_data_rstep02_out00_valid20240505T160000_rank0_vars8_refc_temp_850_chunk00__epoch000.png
[2026-05-22 04:56:23,941][anemoi.training.diagnostics.callbacks.plot][INFO] - PlotSample debug dataset=data batch=0013 rstep=00 out=00 vars=temp_500,temp_200,sphum_925,sphum_850,sphum_500,sphum_200... | latlon: finite_nodes=310241/310241 lat=[25,39.9842] lon=[-105,-90.0158] | input: finite=6825302/6825302 min=-22.3243 max=101448 | target: finite=6459178/6825302 min=-21.8684 max=101549 | pred: finite=6459178/6825302 min=-22.2078 max=101429
[2026-05-22 04:56:54,485][anemoi.training.diagnostics.callbacks.plot][INFO] - Saved plot: /scratch3/NCEPDEV/fv3-cam/Ting.Lei/tlei-anemoi-training/base_3_v1_graphtransformer_finer_graph_v1_single_input_refc_input_no_hydrometeors/verify_3h_day20240505/plots/5a4203f8-8bf4-4e66-bd92-4726084c4588/plots/pred_val_sample_data_rstep00_out00_valid20240505T140000_rank0_vars8_temp_500_ugrd_850_chunk01__epoch000.png
[2026-05-22 04:56:54,540][anemoi.training.diagnostics.callbacks.plot][INFO] - PlotSample debug dataset=data batch=0013 rstep=01 out=00 vars=temp_500,temp_200,sphum_925,sphum_850,sphum_500,sphum_200... | latlon: finite_nodes=310241/310241 lat=[25,39.9842] lon=[-105,-90.0158] | input: finite=6825302/6825302 min=-22.3243 max=101448 | target: finite=6459178/6825302 min=-23.8251 max=101464 | pred: finite=6459178/6825302 min=-22.2078 max=101429
[2026-05-22 04:57:25,633][anemoi.training.diagnostics.callbacks.plot][INFO] - Saved plot: /scratch3/NCEPDEV/fv3-cam/Ting.Lei/tlei-anemoi-training/base_3_v1_graphtransformer_finer_graph_v1_single_input_refc_input_no_hydrometeors/verify_3h_day20240505/plots/5a4203f8-8bf4-4e66-bd92-4726084c4588/plots/pred_val_sample_data_rstep01_out00_valid20240505T150000_rank0_vars8_temp_500_ugrd_850_chunk01__epoch000.png
[2026-05-22 04:57:25,688][anemoi.training.diagnostics.callbacks.plot][INFO] - PlotSample debug dataset=data batch=0013 rstep=02 out=00 vars=temp_500,temp_200,sphum_925,sphum_850,sphum_500,sphum_200... | latlon: finite_nodes=310241/310241 lat=[25,39.9842] lon=[-105,-90.0158] | input: finite=6825302/6825302 min=-22.3243 max=101448 | target: finite=6459178/6825302 min=-23.5026 max=101541 | pred: finite=6459178/6825302 min=-22.2078 max=101429
[2026-05-22 04:57:56,724][anemoi.training.diagnostics.callbacks.plot][INFO] - Saved plot: /scratch3/NCEPDEV/fv3-cam/Ting.Lei/tlei-anemoi-training/base_3_v1_graphtransformer_finer_graph_v1_single_input_refc_input_no_hydrometeors/verify_3h_day20240505/plots/5a4203f8-8bf4-4e66-bd92-4726084c4588/plots/pred_val_sample_data_rstep02_out00_valid20240505T160000_rank0_vars8_temp_500_ugrd_850_chunk01__epoch000.png
[2026-05-22 04:57:56,777][anemoi.training.diagnostics.callbacks.plot][INFO] - PlotSample debug dataset=data batch=0013 rstep=00 out=00 vars=ugrd_500,ugrd_200,vgrd_925,vgrd_850,vgrd_500,vgrd_200 | latlon: finite_nodes=310241/310241 lat=[25,39.9842] lon=[-105,-90.0158] | input: finite=6825302/6825302 min=-22.3243 max=101448 | target: finite=6459178/6825302 min=-21.8684 max=101549 | pred: finite=6459178/6825302 min=-22.2078 max=101429
[2026-05-22 04:58:20,246][anemoi.training.diagnostics.callbacks.plot][INFO] - Saved plot: /scratch3/NCEPDEV/fv3-cam/Ting.Lei/tlei-anemoi-training/base_3_v1_graphtransformer_finer_graph_v1_single_input_refc_input_no_hydrometeors/verify_3h_day20240505/plots/5a4203f8-8bf4-4e66-bd92-4726084c4588/plots/pred_val_sample_data_rstep00_out00_valid20240505T140000_rank0_vars_ugrd_500-ugrd_200-vgrd_925-vgrd_850-vgrd_500-vgrd_200_chunk02__epoch000.png
[2026-05-22 04:58:20,290][anemoi.training.diagnostics.callbacks.plot][INFO] - PlotSample debug dataset=data batch=0013 rstep=01 out=00 vars=ugrd_500,ugrd_200,vgrd_925,vgrd_850,vgrd_500,vgrd_200 | latlon: finite_nodes=310241/310241 lat=[25,39.9842] lon=[-105,-90.0158] | input: finite=6825302/6825302 min=-22.3243 max=101448 | target: finite=6459178/6825302 min=-23.8251 max=101464 | pred: finite=6459178/6825302 min=-22.2078 max=101429
[2026-05-22 04:58:43,464][anemoi.training.diagnostics.callbacks.plot][INFO] - Saved plot: /scratch3/NCEPDEV/fv3-cam/Ting.Lei/tlei-anemoi-training/base_3_v1_graphtransformer_finer_graph_v1_single_input_refc_input_no_hydrometeors/verify_3h_day20240505/plots/5a4203f8-8bf4-4e66-bd92-4726084c4588/plots/pred_val_sample_data_rstep01_out00_valid20240505T150000_rank0_vars_ugrd_500-ugrd_200-vgrd_925-vgrd_850-vgrd_500-vgrd_200_chunk02__epoch000.png
[2026-05-22 04:58:43,520][anemoi.training.diagnostics.callbacks.plot][INFO] - PlotSample debug dataset=data batch=0013 rstep=02 out=00 vars=ugrd_500,ugrd_200,vgrd_925,vgrd_850,vgrd_500,vgrd_200 | latlon: finite_nodes=310241/310241 lat=[25,39.9842] lon=[-105,-90.0158] | input: finite=6825302/6825302 min=-22.3243 max=101448 | target: finite=6459178/6825302 min=-23.5026 max=101541 | pred: finite=6459178/6825302 min=-22.2078 max=101429
[2026-05-22 04:59:06,405][anemoi.training.diagnostics.callbacks.plot][INFO] - Saved plot: /scratch3/NCEPDEV/fv3-cam/Ting.Lei/tlei-anemoi-training/base_3_v1_graphtransformer_finer_graph_v1_single_input_refc_input_no_hydrometeors/verify_3h_day20240505/plots/5a4203f8-8bf4-4e66-bd92-4726084c4588/plots/pred_val_sample_data_rstep02_out00_valid20240505T160000_rank0_vars_ugrd_500-ugrd_200-vgrd_925-vgrd_850-vgrd_500-vgrd_200_chunk02__epoch000.png
[2026-05-22 04:59:06,952][anemoi.training.diagnostics.callbacks.export_predictions][INFO] - Exported predictions/targets to /scratch3/NCEPDEV/fv3-cam/Ting.Lei/tlei-anemoi-training/base_3_v1_graphtransformer_finer_graph_v1_single_input_refc_input_no_hydrometeors/verify_3h_day20240505/predictions/pred_target_epoch000_batch0013.*
Validation DataLoader 0: |          | 14/? [1:00:05<00:00,  0.00it/s][2026-05-22 04:59:08,052][anemoi.training.diagnostics.callbacks.plot][INFO] - PlotSample debug dataset=data batch=0014 rstep=00 out=00 vars=refc,pres_0g,height_925,height_850,height_500,height_200... | latlon: finite_nodes=310241/310241 lat=[25,39.9842] lon=[-105,-90.0158] | input: finite=6825302/6825302 min=-21.2449 max=101697 | target: finite=6459178/6825302 min=-20.7549 max=101760 | pred: finite=6459178/6825302 min=-21.2449 max=101697
[2026-05-22 04:59:38,989][anemoi.training.diagnostics.callbacks.plot][INFO] - Saved plot: /scratch3/NCEPDEV/fv3-cam/Ting.Lei/tlei-anemoi-training/base_3_v1_graphtransformer_finer_graph_v1_single_input_refc_input_no_hydrometeors/verify_3h_day20240505/plots/5a4203f8-8bf4-4e66-bd92-4726084c4588/plots/pred_val_sample_data_rstep00_out00_valid20240505T150000_rank0_vars8_refc_temp_850_chunk00__epoch000.png
[2026-05-22 04:59:39,034][anemoi.training.diagnostics.callbacks.plot][INFO] - PlotSample debug dataset=data batch=0014 rstep=01 out=00 vars=refc,pres_0g,height_925,height_850,height_500,height_200... | latlon: finite_nodes=310241/310241 lat=[25,39.9842] lon=[-105,-90.0158] | input: finite=6825302/6825302 min=-21.2449 max=101697 | target: finite=6459178/6825302 min=-20 max=101823 | pred: finite=6459178/6825302 min=-21.2449 max=101697
[2026-05-22 05:00:09,847][anemoi.training.diagnostics.callbacks.plot][INFO] - Saved plot: /scratch3/NCEPDEV/fv3-cam/Ting.Lei/tlei-anemoi-training/base_3_v1_graphtransformer_finer_graph_v1_single_input_refc_input_no_hydrometeors/verify_3h_day20240505/plots/5a4203f8-8bf4-4e66-bd92-4726084c4588/plots/pred_val_sample_data_rstep01_out00_valid20240505T160000_rank0_vars8_refc_temp_850_chunk00__epoch000.png
[2026-05-22 05:00:09,901][anemoi.training.diagnostics.callbacks.plot][INFO] - PlotSample debug dataset=data batch=0014 rstep=02 out=00 vars=refc,pres_0g,height_925,height_850,height_500,height_200... | latlon: finite_nodes=310241/310241 lat=[25,39.9842] lon=[-105,-90.0158] | input: finite=6825302/6825302 min=-21.2449 max=101697 | target: finite=6459178/6825302 min=-20 max=101779 | pred: finite=6459178/6825302 min=-21.2449 max=101697
[2026-05-22 05:00:40,505][anemoi.training.diagnostics.callbacks.plot][INFO] - Saved plot: /scratch3/NCEPDEV/fv3-cam/Ting.Lei/tlei-anemoi-training/base_3_v1_graphtransformer_finer_graph_v1_single_input_refc_input_no_hydrometeors/verify_3h_day20240505/plots/5a4203f8-8bf4-4e66-bd92-4726084c4588/plots/pred_val_sample_data_rstep02_out00_valid20240505T170000_rank0_vars8_refc_temp_850_chunk00__epoch000.png
[2026-05-22 05:00:40,560][anemoi.training.diagnostics.callbacks.plot][INFO] - PlotSample debug dataset=data batch=0014 rstep=00 out=00 vars=temp_500,temp_200,sphum_925,sphum_850,sphum_500,sphum_200... | latlon: finite_nodes=310241/310241 lat=[25,39.9842] lon=[-105,-90.0158] | input: finite=6825302/6825302 min=-21.2449 max=101697 | target: finite=6459178/6825302 min=-20.7549 max=101760 | pred: finite=6459178/6825302 min=-21.2449 max=101697
[2026-05-22 05:01:11,563][anemoi.training.diagnostics.callbacks.plot][INFO] - Saved plot: /scratch3/NCEPDEV/fv3-cam/Ting.Lei/tlei-anemoi-training/base_3_v1_graphtransformer_finer_graph_v1_single_input_refc_input_no_hydrometeors/verify_3h_day20240505/plots/5a4203f8-8bf4-4e66-bd92-4726084c4588/plots/pred_val_sample_data_rstep00_out00_valid20240505T150000_rank0_vars8_temp_500_ugrd_850_chunk01__epoch000.png
[2026-05-22 05:01:11,608][anemoi.training.diagnostics.callbacks.plot][INFO] - PlotSample debug dataset=data batch=0014 rstep=01 out=00 vars=temp_500,temp_200,sphum_925,sphum_850,sphum_500,sphum_200... | latlon: finite_nodes=310241/310241 lat=[25,39.9842] lon=[-105,-90.0158] | input: finite=6825302/6825302 min=-21.2449 max=101697 | target: finite=6459178/6825302 min=-20 max=101823 | pred: finite=6459178/6825302 min=-21.2449 max=101697
[2026-05-22 05:01:42,702][anemoi.training.diagnostics.callbacks.plot][INFO] - Saved plot: /scratch3/NCEPDEV/fv3-cam/Ting.Lei/tlei-anemoi-training/base_3_v1_graphtransformer_finer_graph_v1_single_input_refc_input_no_hydrometeors/verify_3h_day20240505/plots/5a4203f8-8bf4-4e66-bd92-4726084c4588/plots/pred_val_sample_data_rstep01_out00_valid20240505T160000_rank0_vars8_temp_500_ugrd_850_chunk01__epoch000.png
[2026-05-22 05:01:42,749][anemoi.training.diagnostics.callbacks.plot][INFO] - PlotSample debug dataset=data batch=0014 rstep=02 out=00 vars=temp_500,temp_200,sphum_925,sphum_850,sphum_500,sphum_200... | latlon: finite_nodes=310241/310241 lat=[25,39.9842] lon=[-105,-90.0158] | input: finite=6825302/6825302 min=-21.2449 max=101697 | target: finite=6459178/6825302 min=-20 max=101779 | pred: finite=6459178/6825302 min=-21.2449 max=101697
[2026-05-22 05:02:13,782][anemoi.training.diagnostics.callbacks.plot][INFO] - Saved plot: /scratch3/NCEPDEV/fv3-cam/Ting.Lei/tlei-anemoi-training/base_3_v1_graphtransformer_finer_graph_v1_single_input_refc_input_no_hydrometeors/verify_3h_day20240505/plots/5a4203f8-8bf4-4e66-bd92-4726084c4588/plots/pred_val_sample_data_rstep02_out00_valid20240505T170000_rank0_vars8_temp_500_ugrd_850_chunk01__epoch000.png
[2026-05-22 05:02:13,832][anemoi.training.diagnostics.callbacks.plot][INFO] - PlotSample debug dataset=data batch=0014 rstep=00 out=00 vars=ugrd_500,ugrd_200,vgrd_925,vgrd_850,vgrd_500,vgrd_200 | latlon: finite_nodes=310241/310241 lat=[25,39.9842] lon=[-105,-90.0158] | input: finite=6825302/6825302 min=-21.2449 max=101697 | target: finite=6459178/6825302 min=-20.7549 max=101760 | pred: finite=6459178/6825302 min=-21.2449 max=101697
[2026-05-22 05:02:36,835][anemoi.training.diagnostics.callbacks.plot][INFO] - Saved plot: /scratch3/NCEPDEV/fv3-cam/Ting.Lei/tlei-anemoi-training/base_3_v1_graphtransformer_finer_graph_v1_single_input_refc_input_no_hydrometeors/verify_3h_day20240505/plots/5a4203f8-8bf4-4e66-bd92-4726084c4588/plots/pred_val_sample_data_rstep00_out00_valid20240505T150000_rank0_vars_ugrd_500-ugrd_200-vgrd_925-vgrd_850-vgrd_500-vgrd_200_chunk02__epoch000.png
[2026-05-22 05:02:36,883][anemoi.training.diagnostics.callbacks.plot][INFO] - PlotSample debug dataset=data batch=0014 rstep=01 out=00 vars=ugrd_500,ugrd_200,vgrd_925,vgrd_850,vgrd_500,vgrd_200 | latlon: finite_nodes=310241/310241 lat=[25,39.9842] lon=[-105,-90.0158] | input: finite=6825302/6825302 min=-21.2449 max=101697 | target: finite=6459178/6825302 min=-20 max=101823 | pred: finite=6459178/6825302 min=-21.2449 max=101697
[2026-05-22 05:03:00,048][anemoi.training.diagnostics.callbacks.plot][INFO] - Saved plot: /scratch3/NCEPDEV/fv3-cam/Ting.Lei/tlei-anemoi-training/base_3_v1_graphtransformer_finer_graph_v1_single_input_refc_input_no_hydrometeors/verify_3h_day20240505/plots/5a4203f8-8bf4-4e66-bd92-4726084c4588/plots/pred_val_sample_data_rstep01_out00_valid20240505T160000_rank0_vars_ugrd_500-ugrd_200-vgrd_925-vgrd_850-vgrd_500-vgrd_200_chunk02__epoch000.png
[2026-05-22 05:03:00,093][anemoi.training.diagnostics.callbacks.plot][INFO] - PlotSample debug dataset=data batch=0014 rstep=02 out=00 vars=ugrd_500,ugrd_200,vgrd_925,vgrd_850,vgrd_500,vgrd_200 | latlon: finite_nodes=310241/310241 lat=[25,39.9842] lon=[-105,-90.0158] | input: finite=6825302/6825302 min=-21.2449 max=101697 | target: finite=6459178/6825302 min=-20 max=101779 | pred: finite=6459178/6825302 min=-21.2449 max=101697
[2026-05-22 05:03:23,195][anemoi.training.diagnostics.callbacks.plot][INFO] - Saved plot: /scratch3/NCEPDEV/fv3-cam/Ting.Lei/tlei-anemoi-training/base_3_v1_graphtransformer_finer_graph_v1_single_input_refc_input_no_hydrometeors/verify_3h_day20240505/plots/5a4203f8-8bf4-4e66-bd92-4726084c4588/plots/pred_val_sample_data_rstep02_out00_valid20240505T170000_rank0_vars_ugrd_500-ugrd_200-vgrd_925-vgrd_850-vgrd_500-vgrd_200_chunk02__epoch000.png
[2026-05-22 05:03:25,304][anemoi.training.diagnostics.callbacks.export_predictions][INFO] - Exported predictions/targets to /scratch3/NCEPDEV/fv3-cam/Ting.Lei/tlei-anemoi-training/base_3_v1_graphtransformer_finer_graph_v1_single_input_refc_input_no_hydrometeors/verify_3h_day20240505/predictions/pred_target_epoch000_batch0014.*
Validation DataLoader 0: |          | 15/? [1:04:24<00:00,  0.00it/s][2026-05-22 05:03:26,166][anemoi.training.diagnostics.callbacks.plot][INFO] - PlotSample debug dataset=data batch=0015 rstep=00 out=00 vars=refc,pres_0g,height_925,height_850,height_500,height_200... | latlon: finite_nodes=310241/310241 lat=[25,39.9842] lon=[-105,-90.0158] | input: finite=6825302/6825302 min=-22.1237 max=101737 | target: finite=6459178/6825302 min=-33.0153 max=101651 | pred: finite=6459178/6825302 min=-22.1237 max=101737
[2026-05-22 05:03:56,749][anemoi.training.diagnostics.callbacks.plot][INFO] - Saved plot: /scratch3/NCEPDEV/fv3-cam/Ting.Lei/tlei-anemoi-training/base_3_v1_graphtransformer_finer_graph_v1_single_input_refc_input_no_hydrometeors/verify_3h_day20240505/plots/5a4203f8-8bf4-4e66-bd92-4726084c4588/plots/pred_val_sample_data_rstep00_out00_valid20240505T160000_rank0_vars8_refc_temp_850_chunk00__epoch000.png
[2026-05-22 05:03:56,783][anemoi.training.diagnostics.callbacks.plot][INFO] - PlotSample debug dataset=data batch=0015 rstep=01 out=00 vars=refc,pres_0g,height_925,height_850,height_500,height_200... | latlon: finite_nodes=310241/310241 lat=[25,39.9842] lon=[-105,-90.0158] | input: finite=6825302/6825302 min=-22.1237 max=101737 | target: finite=6459178/6825302 min=-23.4727 max=101538 | pred: finite=6459178/6825302 min=-22.1237 max=101737
[2026-05-22 05:04:28,434][anemoi.training.diagnostics.callbacks.plot][INFO] - Saved plot: /scratch3/NCEPDEV/fv3-cam/Ting.Lei/tlei-anemoi-training/base_3_v1_graphtransformer_finer_graph_v1_single_input_refc_input_no_hydrometeors/verify_3h_day20240505/plots/5a4203f8-8bf4-4e66-bd92-4726084c4588/plots/pred_val_sample_data_rstep01_out00_valid20240505T170000_rank0_vars8_refc_temp_850_chunk00__epoch000.png
[2026-05-22 05:04:28,484][anemoi.training.diagnostics.callbacks.plot][INFO] - PlotSample debug dataset=data batch=0015 rstep=02 out=00 vars=refc,pres_0g,height_925,height_850,height_500,height_200... | latlon: finite_nodes=310241/310241 lat=[25,39.9842] lon=[-105,-90.0158] | input: finite=6825302/6825302 min=-22.1237 max=101737 | target: finite=6459178/6825302 min=-28.3195 max=101565 | pred: finite=6459178/6825302 min=-22.1237 max=101737
[2026-05-22 05:04:59,580][anemoi.training.diagnostics.callbacks.plot][INFO] - Saved plot: /scratch3/NCEPDEV/fv3-cam/Ting.Lei/tlei-anemoi-training/base_3_v1_graphtransformer_finer_graph_v1_single_input_refc_input_no_hydrometeors/verify_3h_day20240505/plots/5a4203f8-8bf4-4e66-bd92-4726084c4588/plots/pred_val_sample_data_rstep02_out00_valid20240505T180000_rank0_vars8_refc_temp_850_chunk00__epoch000.png
[2026-05-22 05:04:59,626][anemoi.training.diagnostics.callbacks.plot][INFO] - PlotSample debug dataset=data batch=0015 rstep=00 out=00 vars=temp_500,temp_200,sphum_925,sphum_850,sphum_500,sphum_200... | latlon: finite_nodes=310241/310241 lat=[25,39.9842] lon=[-105,-90.0158] | input: finite=6825302/6825302 min=-22.1237 max=101737 | target: finite=6459178/6825302 min=-33.0153 max=101651 | pred: finite=6459178/6825302 min=-22.1237 max=101737
[2026-05-22 05:05:30,777][anemoi.training.diagnostics.callbacks.plot][INFO] - Saved plot: /scratch3/NCEPDEV/fv3-cam/Ting.Lei/tlei-anemoi-training/base_3_v1_graphtransformer_finer_graph_v1_single_input_refc_input_no_hydrometeors/verify_3h_day20240505/plots/5a4203f8-8bf4-4e66-bd92-4726084c4588/plots/pred_val_sample_data_rstep00_out00_valid20240505T160000_rank0_vars8_temp_500_ugrd_850_chunk01__epoch000.png
[2026-05-22 05:05:30,831][anemoi.training.diagnostics.callbacks.plot][INFO] - PlotSample debug dataset=data batch=0015 rstep=01 out=00 vars=temp_500,temp_200,sphum_925,sphum_850,sphum_500,sphum_200... | latlon: finite_nodes=310241/310241 lat=[25,39.9842] lon=[-105,-90.0158] | input: finite=6825302/6825302 min=-22.1237 max=101737 | target: finite=6459178/6825302 min=-23.4727 max=101538 | pred: finite=6459178/6825302 min=-22.1237 max=101737
[2026-05-22 05:06:01,435][anemoi.training.diagnostics.callbacks.plot][INFO] - Saved plot: /scratch3/NCEPDEV/fv3-cam/Ting.Lei/tlei-anemoi-training/base_3_v1_graphtransformer_finer_graph_v1_single_input_refc_input_no_hydrometeors/verify_3h_day20240505/plots/5a4203f8-8bf4-4e66-bd92-4726084c4588/plots/pred_val_sample_data_rstep01_out00_valid20240505T170000_rank0_vars8_temp_500_ugrd_850_chunk01__epoch000.png
[2026-05-22 05:06:01,480][anemoi.training.diagnostics.callbacks.plot][INFO] - PlotSample debug dataset=data batch=0015 rstep=02 out=00 vars=temp_500,temp_200,sphum_925,sphum_850,sphum_500,sphum_200... | latlon: finite_nodes=310241/310241 lat=[25,39.9842] lon=[-105,-90.0158] | input: finite=6825302/6825302 min=-22.1237 max=101737 | target: finite=6459178/6825302 min=-28.3195 max=101565 | pred: finite=6459178/6825302 min=-22.1237 max=101737
[2026-05-22 05:06:32,551][anemoi.training.diagnostics.callbacks.plot][INFO] - Saved plot: /scratch3/NCEPDEV/fv3-cam/Ting.Lei/tlei-anemoi-training/base_3_v1_graphtransformer_finer_graph_v1_single_input_refc_input_no_hydrometeors/verify_3h_day20240505/plots/5a4203f8-8bf4-4e66-bd92-4726084c4588/plots/pred_val_sample_data_rstep02_out00_valid20240505T180000_rank0_vars8_temp_500_ugrd_850_chunk01__epoch000.png
[2026-05-22 05:06:32,598][anemoi.training.diagnostics.callbacks.plot][INFO] - PlotSample debug dataset=data batch=0015 rstep=00 out=00 vars=ugrd_500,ugrd_200,vgrd_925,vgrd_850,vgrd_500,vgrd_200 | latlon: finite_nodes=310241/310241 lat=[25,39.9842] lon=[-105,-90.0158] | input: finite=6825302/6825302 min=-22.1237 max=101737 | target: finite=6459178/6825302 min=-33.0153 max=101651 | pred: finite=6459178/6825302 min=-22.1237 max=101737
[2026-05-22 05:06:56,107][anemoi.training.diagnostics.callbacks.plot][INFO] - Saved plot: /scratch3/NCEPDEV/fv3-cam/Ting.Lei/tlei-anemoi-training/base_3_v1_graphtransformer_finer_graph_v1_single_input_refc_input_no_hydrometeors/verify_3h_day20240505/plots/5a4203f8-8bf4-4e66-bd92-4726084c4588/plots/pred_val_sample_data_rstep00_out00_valid20240505T160000_rank0_vars_ugrd_500-ugrd_200-vgrd_925-vgrd_850-vgrd_500-vgrd_200_chunk02__epoch000.png
[2026-05-22 05:06:56,155][anemoi.training.diagnostics.callbacks.plot][INFO] - PlotSample debug dataset=data batch=0015 rstep=01 out=00 vars=ugrd_500,ugrd_200,vgrd_925,vgrd_850,vgrd_500,vgrd_200 | latlon: finite_nodes=310241/310241 lat=[25,39.9842] lon=[-105,-90.0158] | input: finite=6825302/6825302 min=-22.1237 max=101737 | target: finite=6459178/6825302 min=-23.4727 max=101538 | pred: finite=6459178/6825302 min=-22.1237 max=101737
[2026-05-22 05:07:19,311][anemoi.training.diagnostics.callbacks.plot][INFO] - Saved plot: /scratch3/NCEPDEV/fv3-cam/Ting.Lei/tlei-anemoi-training/base_3_v1_graphtransformer_finer_graph_v1_single_input_refc_input_no_hydrometeors/verify_3h_day20240505/plots/5a4203f8-8bf4-4e66-bd92-4726084c4588/plots/pred_val_sample_data_rstep01_out00_valid20240505T170000_rank0_vars_ugrd_500-ugrd_200-vgrd_925-vgrd_850-vgrd_500-vgrd_200_chunk02__epoch000.png
[2026-05-22 05:07:19,362][anemoi.training.diagnostics.callbacks.plot][INFO] - PlotSample debug dataset=data batch=0015 rstep=02 out=00 vars=ugrd_500,ugrd_200,vgrd_925,vgrd_850,vgrd_500,vgrd_200 | latlon: finite_nodes=310241/310241 lat=[25,39.9842] lon=[-105,-90.0158] | input: finite=6825302/6825302 min=-22.1237 max=101737 | target: finite=6459178/6825302 min=-28.3195 max=101565 | pred: finite=6459178/6825302 min=-22.1237 max=101737
[2026-05-22 05:07:42,221][anemoi.training.diagnostics.callbacks.plot][INFO] - Saved plot: /scratch3/NCEPDEV/fv3-cam/Ting.Lei/tlei-anemoi-training/base_3_v1_graphtransformer_finer_graph_v1_single_input_refc_input_no_hydrometeors/verify_3h_day20240505/plots/5a4203f8-8bf4-4e66-bd92-4726084c4588/plots/pred_val_sample_data_rstep02_out00_valid20240505T180000_rank0_vars_ugrd_500-ugrd_200-vgrd_925-vgrd_850-vgrd_500-vgrd_200_chunk02__epoch000.png
[2026-05-22 05:07:42,709][anemoi.training.diagnostics.callbacks.export_predictions][INFO] - Exported predictions/targets to /scratch3/NCEPDEV/fv3-cam/Ting.Lei/tlei-anemoi-training/base_3_v1_graphtransformer_finer_graph_v1_single_input_refc_input_no_hydrometeors/verify_3h_day20240505/predictions/pred_target_epoch000_batch0015.*
Validation DataLoader 0: |          | 16/? [1:08:41<00:00,  0.00it/s][2026-05-22 05:07:43,606][anemoi.training.diagnostics.callbacks.plot][INFO] - PlotSample debug dataset=data batch=0016 rstep=00 out=00 vars=refc,pres_0g,height_925,height_850,height_500,height_200... | latlon: finite_nodes=310241/310241 lat=[25,39.9842] lon=[-105,-90.0158] | input: finite=6825302/6825302 min=-25.6155 max=101542 | target: finite=6459178/6825302 min=-26.5374 max=101534 | pred: finite=6459178/6825302 min=-25.0852 max=101542
[2026-05-22 05:08:14,509][anemoi.training.diagnostics.callbacks.plot][INFO] - Saved plot: /scratch3/NCEPDEV/fv3-cam/Ting.Lei/tlei-anemoi-training/base_3_v1_graphtransformer_finer_graph_v1_single_input_refc_input_no_hydrometeors/verify_3h_day20240505/plots/5a4203f8-8bf4-4e66-bd92-4726084c4588/plots/pred_val_sample_data_rstep00_out00_valid20240505T170000_rank0_vars8_refc_temp_850_chunk00__epoch000.png
[2026-05-22 05:08:14,558][anemoi.training.diagnostics.callbacks.plot][INFO] - PlotSample debug dataset=data batch=0016 rstep=01 out=00 vars=refc,pres_0g,height_925,height_850,height_500,height_200... | latlon: finite_nodes=310241/310241 lat=[25,39.9842] lon=[-105,-90.0158] | input: finite=6825302/6825302 min=-25.6155 max=101542 | target: finite=6459178/6825302 min=-27.179 max=101482 | pred: finite=6459178/6825302 min=-25.0852 max=101542
[2026-05-22 05:08:45,415][anemoi.training.diagnostics.callbacks.plot][INFO] - Saved plot: /scratch3/NCEPDEV/fv3-cam/Ting.Lei/tlei-anemoi-training/base_3_v1_graphtransformer_finer_graph_v1_single_input_refc_input_no_hydrometeors/verify_3h_day20240505/plots/5a4203f8-8bf4-4e66-bd92-4726084c4588/plots/pred_val_sample_data_rstep01_out00_valid20240505T180000_rank0_vars8_refc_temp_850_chunk00__epoch000.png
[2026-05-22 05:08:45,469][anemoi.training.diagnostics.callbacks.plot][INFO] - PlotSample debug dataset=data batch=0016 rstep=02 out=00 vars=refc,pres_0g,height_925,height_850,height_500,height_200... | latlon: finite_nodes=310241/310241 lat=[25,39.9842] lon=[-105,-90.0158] | input: finite=6825302/6825302 min=-25.6155 max=101542 | target: finite=6459178/6825302 min=-28.292 max=101455 | pred: finite=6459178/6825302 min=-25.0852 max=101542
[2026-05-22 05:09:16,584][anemoi.training.diagnostics.callbacks.plot][INFO] - Saved plot: /scratch3/NCEPDEV/fv3-cam/Ting.Lei/tlei-anemoi-training/base_3_v1_graphtransformer_finer_graph_v1_single_input_refc_input_no_hydrometeors/verify_3h_day20240505/plots/5a4203f8-8bf4-4e66-bd92-4726084c4588/plots/pred_val_sample_data_rstep02_out00_valid20240505T190000_rank0_vars8_refc_temp_850_chunk00__epoch000.png
[2026-05-22 05:09:16,643][anemoi.training.diagnostics.callbacks.plot][INFO] - PlotSample debug dataset=data batch=0016 rstep=00 out=00 vars=temp_500,temp_200,sphum_925,sphum_850,sphum_500,sphum_200... | latlon: finite_nodes=310241/310241 lat=[25,39.9842] lon=[-105,-90.0158] | input: finite=6825302/6825302 min=-25.6155 max=101542 | target: finite=6459178/6825302 min=-26.5374 max=101534 | pred: finite=6459178/6825302 min=-25.0852 max=101542
[2026-05-22 05:09:47,441][anemoi.training.diagnostics.callbacks.plot][INFO] - Saved plot: /scratch3/NCEPDEV/fv3-cam/Ting.Lei/tlei-anemoi-training/base_3_v1_graphtransformer_finer_graph_v1_single_input_refc_input_no_hydrometeors/verify_3h_day20240505/plots/5a4203f8-8bf4-4e66-bd92-4726084c4588/plots/pred_val_sample_data_rstep00_out00_valid20240505T170000_rank0_vars8_temp_500_ugrd_850_chunk01__epoch000.png
[2026-05-22 05:09:47,491][anemoi.training.diagnostics.callbacks.plot][INFO] - PlotSample debug dataset=data batch=0016 rstep=01 out=00 vars=temp_500,temp_200,sphum_925,sphum_850,sphum_500,sphum_200... | latlon: finite_nodes=310241/310241 lat=[25,39.9842] lon=[-105,-90.0158] | input: finite=6825302/6825302 min=-25.6155 max=101542 | target: finite=6459178/6825302 min=-27.179 max=101482 | pred: finite=6459178/6825302 min=-25.0852 max=101542
[2026-05-22 05:10:18,612][anemoi.training.diagnostics.callbacks.plot][INFO] - Saved plot: /scratch3/NCEPDEV/fv3-cam/Ting.Lei/tlei-anemoi-training/base_3_v1_graphtransformer_finer_graph_v1_single_input_refc_input_no_hydrometeors/verify_3h_day20240505/plots/5a4203f8-8bf4-4e66-bd92-4726084c4588/plots/pred_val_sample_data_rstep01_out00_valid20240505T180000_rank0_vars8_temp_500_ugrd_850_chunk01__epoch000.png
[2026-05-22 05:10:18,659][anemoi.training.diagnostics.callbacks.plot][INFO] - PlotSample debug dataset=data batch=0016 rstep=02 out=00 vars=temp_500,temp_200,sphum_925,sphum_850,sphum_500,sphum_200... | latlon: finite_nodes=310241/310241 lat=[25,39.9842] lon=[-105,-90.0158] | input: finite=6825302/6825302 min=-25.6155 max=101542 | target: finite=6459178/6825302 min=-28.292 max=101455 | pred: finite=6459178/6825302 min=-25.0852 max=101542
[2026-05-22 05:10:49,830][anemoi.training.diagnostics.callbacks.plot][INFO] - Saved plot: /scratch3/NCEPDEV/fv3-cam/Ting.Lei/tlei-anemoi-training/base_3_v1_graphtransformer_finer_graph_v1_single_input_refc_input_no_hydrometeors/verify_3h_day20240505/plots/5a4203f8-8bf4-4e66-bd92-4726084c4588/plots/pred_val_sample_data_rstep02_out00_valid20240505T190000_rank0_vars8_temp_500_ugrd_850_chunk01__epoch000.png
[2026-05-22 05:10:49,879][anemoi.training.diagnostics.callbacks.plot][INFO] - PlotSample debug dataset=data batch=0016 rstep=00 out=00 vars=ugrd_500,ugrd_200,vgrd_925,vgrd_850,vgrd_500,vgrd_200 | latlon: finite_nodes=310241/310241 lat=[25,39.9842] lon=[-105,-90.0158] | input: finite=6825302/6825302 min=-25.6155 max=101542 | target: finite=6459178/6825302 min=-26.5374 max=101534 | pred: finite=6459178/6825302 min=-25.0852 max=101542
[2026-05-22 05:11:12,993][anemoi.training.diagnostics.callbacks.plot][INFO] - Saved plot: /scratch3/NCEPDEV/fv3-cam/Ting.Lei/tlei-anemoi-training/base_3_v1_graphtransformer_finer_graph_v1_single_input_refc_input_no_hydrometeors/verify_3h_day20240505/plots/5a4203f8-8bf4-4e66-bd92-4726084c4588/plots/pred_val_sample_data_rstep00_out00_valid20240505T170000_rank0_vars_ugrd_500-ugrd_200-vgrd_925-vgrd_850-vgrd_500-vgrd_200_chunk02__epoch000.png
[2026-05-22 05:11:13,045][anemoi.training.diagnostics.callbacks.plot][INFO] - PlotSample debug dataset=data batch=0016 rstep=01 out=00 vars=ugrd_500,ugrd_200,vgrd_925,vgrd_850,vgrd_500,vgrd_200 | latlon: finite_nodes=310241/310241 lat=[25,39.9842] lon=[-105,-90.0158] | input: finite=6825302/6825302 min=-25.6155 max=101542 | target: finite=6459178/6825302 min=-27.179 max=101482 | pred: finite=6459178/6825302 min=-25.0852 max=101542
[2026-05-22 05:11:36,306][anemoi.training.diagnostics.callbacks.plot][INFO] - Saved plot: /scratch3/NCEPDEV/fv3-cam/Ting.Lei/tlei-anemoi-training/base_3_v1_graphtransformer_finer_graph_v1_single_input_refc_input_no_hydrometeors/verify_3h_day20240505/plots/5a4203f8-8bf4-4e66-bd92-4726084c4588/plots/pred_val_sample_data_rstep01_out00_valid20240505T180000_rank0_vars_ugrd_500-ugrd_200-vgrd_925-vgrd_850-vgrd_500-vgrd_200_chunk02__epoch000.png
[2026-05-22 05:11:36,353][anemoi.training.diagnostics.callbacks.plot][INFO] - PlotSample debug dataset=data batch=0016 rstep=02 out=00 vars=ugrd_500,ugrd_200,vgrd_925,vgrd_850,vgrd_500,vgrd_200 | latlon: finite_nodes=310241/310241 lat=[25,39.9842] lon=[-105,-90.0158] | input: finite=6825302/6825302 min=-25.6155 max=101542 | target: finite=6459178/6825302 min=-28.292 max=101455 | pred: finite=6459178/6825302 min=-25.0852 max=101542
[2026-05-22 05:11:59,535][anemoi.training.diagnostics.callbacks.plot][INFO] - Saved plot: /scratch3/NCEPDEV/fv3-cam/Ting.Lei/tlei-anemoi-training/base_3_v1_graphtransformer_finer_graph_v1_single_input_refc_input_no_hydrometeors/verify_3h_day20240505/plots/5a4203f8-8bf4-4e66-bd92-4726084c4588/plots/pred_val_sample_data_rstep02_out00_valid20240505T190000_rank0_vars_ugrd_500-ugrd_200-vgrd_925-vgrd_850-vgrd_500-vgrd_200_chunk02__epoch000.png
[2026-05-22 05:12:00,052][anemoi.training.diagnostics.callbacks.export_predictions][INFO] - Exported predictions/targets to /scratch3/NCEPDEV/fv3-cam/Ting.Lei/tlei-anemoi-training/base_3_v1_graphtransformer_finer_graph_v1_single_input_refc_input_no_hydrometeors/verify_3h_day20240505/predictions/pred_target_epoch000_batch0016.*
Validation DataLoader 0: |          | 17/? [1:12:59<00:00,  0.00it/s][2026-05-22 05:12:01,170][anemoi.training.diagnostics.callbacks.plot][INFO] - PlotSample debug dataset=data batch=0017 rstep=00 out=00 vars=refc,pres_0g,height_925,height_850,height_500,height_200... | latlon: finite_nodes=310241/310241 lat=[25,39.9842] lon=[-105,-90.0158] | input: finite=6825302/6825302 min=-21.8684 max=101549 | target: finite=6459178/6825302 min=-23.8251 max=101464 | pred: finite=6459178/6825302 min=-21.8684 max=101549
[2026-05-22 05:12:32,189][anemoi.training.diagnostics.callbacks.plot][INFO] - Saved plot: /scratch3/NCEPDEV/fv3-cam/Ting.Lei/tlei-anemoi-training/base_3_v1_graphtransformer_finer_graph_v1_single_input_refc_input_no_hydrometeors/verify_3h_day20240505/plots/5a4203f8-8bf4-4e66-bd92-4726084c4588/plots/pred_val_sample_data_rstep00_out00_valid20240505T180000_rank0_vars8_refc_temp_850_chunk00__epoch000.png
[2026-05-22 05:12:32,242][anemoi.training.diagnostics.callbacks.plot][INFO] - PlotSample debug dataset=data batch=0017 rstep=01 out=00 vars=refc,pres_0g,height_925,height_850,height_500,height_200... | latlon: finite_nodes=310241/310241 lat=[25,39.9842] lon=[-105,-90.0158] | input: finite=6825302/6825302 min=-21.8684 max=101549 | target: finite=6459178/6825302 min=-23.5026 max=101541 | pred: finite=6459178/6825302 min=-21.8684 max=101549
[2026-05-22 05:13:03,212][anemoi.training.diagnostics.callbacks.plot][INFO] - Saved plot: /scratch3/NCEPDEV/fv3-cam/Ting.Lei/tlei-anemoi-training/base_3_v1_graphtransformer_finer_graph_v1_single_input_refc_input_no_hydrometeors/verify_3h_day20240505/plots/5a4203f8-8bf4-4e66-bd92-4726084c4588/plots/pred_val_sample_data_rstep01_out00_valid20240505T190000_rank0_vars8_refc_temp_850_chunk00__epoch000.png
[2026-05-22 05:13:03,263][anemoi.training.diagnostics.callbacks.plot][INFO] - PlotSample debug dataset=data batch=0017 rstep=02 out=00 vars=refc,pres_0g,height_925,height_850,height_500,height_200... | latlon: finite_nodes=310241/310241 lat=[25,39.9842] lon=[-105,-90.0158] | input: finite=6825302/6825302 min=-21.8684 max=101549 | target: finite=6459178/6825302 min=-22.1705 max=101606 | pred: finite=6459178/6825302 min=-21.8684 max=101549
[2026-05-22 05:13:33,904][anemoi.training.diagnostics.callbacks.plot][INFO] - Saved plot: /scratch3/NCEPDEV/fv3-cam/Ting.Lei/tlei-anemoi-training/base_3_v1_graphtransformer_finer_graph_v1_single_input_refc_input_no_hydrometeors/verify_3h_day20240505/plots/5a4203f8-8bf4-4e66-bd92-4726084c4588/plots/pred_val_sample_data_rstep02_out00_valid20240505T200000_rank0_vars8_refc_temp_850_chunk00__epoch000.png
[2026-05-22 05:13:33,952][anemoi.training.diagnostics.callbacks.plot][INFO] - PlotSample debug dataset=data batch=0017 rstep=00 out=00 vars=temp_500,temp_200,sphum_925,sphum_850,sphum_500,sphum_200... | latlon: finite_nodes=310241/310241 lat=[25,39.9842] lon=[-105,-90.0158] | input: finite=6825302/6825302 min=-21.8684 max=101549 | target: finite=6459178/6825302 min=-23.8251 max=101464 | pred: finite=6459178/6825302 min=-21.8684 max=101549
[2026-05-22 05:14:05,034][anemoi.training.diagnostics.callbacks.plot][INFO] - Saved plot: /scratch3/NCEPDEV/fv3-cam/Ting.Lei/tlei-anemoi-training/base_3_v1_graphtransformer_finer_graph_v1_single_input_refc_input_no_hydrometeors/verify_3h_day20240505/plots/5a4203f8-8bf4-4e66-bd92-4726084c4588/plots/pred_val_sample_data_rstep00_out00_valid20240505T180000_rank0_vars8_temp_500_ugrd_850_chunk01__epoch000.png
[2026-05-22 05:14:05,083][anemoi.training.diagnostics.callbacks.plot][INFO] - PlotSample debug dataset=data batch=0017 rstep=01 out=00 vars=temp_500,temp_200,sphum_925,sphum_850,sphum_500,sphum_200... | latlon: finite_nodes=310241/310241 lat=[25,39.9842] lon=[-105,-90.0158] | input: finite=6825302/6825302 min=-21.8684 max=101549 | target: finite=6459178/6825302 min=-23.5026 max=101541 | pred: finite=6459178/6825302 min=-21.8684 max=101549
[2026-05-22 05:14:37,572][anemoi.training.diagnostics.callbacks.plot][INFO] - Saved plot: /scratch3/NCEPDEV/fv3-cam/Ting.Lei/tlei-anemoi-training/base_3_v1_graphtransformer_finer_graph_v1_single_input_refc_input_no_hydrometeors/verify_3h_day20240505/plots/5a4203f8-8bf4-4e66-bd92-4726084c4588/plots/pred_val_sample_data_rstep01_out00_valid20240505T190000_rank0_vars8_temp_500_ugrd_850_chunk01__epoch000.png
[2026-05-22 05:14:37,637][anemoi.training.diagnostics.callbacks.plot][INFO] - PlotSample debug dataset=data batch=0017 rstep=02 out=00 vars=temp_500,temp_200,sphum_925,sphum_850,sphum_500,sphum_200... | latlon: finite_nodes=310241/310241 lat=[25,39.9842] lon=[-105,-90.0158] | input: finite=6825302/6825302 min=-21.8684 max=101549 | target: finite=6459178/6825302 min=-22.1705 max=101606 | pred: finite=6459178/6825302 min=-21.8684 max=101549
[2026-05-22 05:15:08,929][anemoi.training.diagnostics.callbacks.plot][INFO] - Saved plot: /scratch3/NCEPDEV/fv3-cam/Ting.Lei/tlei-anemoi-training/base_3_v1_graphtransformer_finer_graph_v1_single_input_refc_input_no_hydrometeors/verify_3h_day20240505/plots/5a4203f8-8bf4-4e66-bd92-4726084c4588/plots/pred_val_sample_data_rstep02_out00_valid20240505T200000_rank0_vars8_temp_500_ugrd_850_chunk01__epoch000.png
[2026-05-22 05:15:08,983][anemoi.training.diagnostics.callbacks.plot][INFO] - PlotSample debug dataset=data batch=0017 rstep=00 out=00 vars=ugrd_500,ugrd_200,vgrd_925,vgrd_850,vgrd_500,vgrd_200 | latlon: finite_nodes=310241/310241 lat=[25,39.9842] lon=[-105,-90.0158] | input: finite=6825302/6825302 min=-21.8684 max=101549 | target: finite=6459178/6825302 min=-23.8251 max=101464 | pred: finite=6459178/6825302 min=-21.8684 max=101549
[2026-05-22 05:15:32,179][anemoi.training.diagnostics.callbacks.plot][INFO] - Saved plot: /scratch3/NCEPDEV/fv3-cam/Ting.Lei/tlei-anemoi-training/base_3_v1_graphtransformer_finer_graph_v1_single_input_refc_input_no_hydrometeors/verify_3h_day20240505/plots/5a4203f8-8bf4-4e66-bd92-4726084c4588/plots/pred_val_sample_data_rstep00_out00_valid20240505T180000_rank0_vars_ugrd_500-ugrd_200-vgrd_925-vgrd_850-vgrd_500-vgrd_200_chunk02__epoch000.png
[2026-05-22 05:15:32,229][anemoi.training.diagnostics.callbacks.plot][INFO] - PlotSample debug dataset=data batch=0017 rstep=01 out=00 vars=ugrd_500,ugrd_200,vgrd_925,vgrd_850,vgrd_500,vgrd_200 | latlon: finite_nodes=310241/310241 lat=[25,39.9842] lon=[-105,-90.0158] | input: finite=6825302/6825302 min=-21.8684 max=101549 | target: finite=6459178/6825302 min=-23.5026 max=101541 | pred: finite=6459178/6825302 min=-21.8684 max=101549
[2026-05-22 05:15:55,623][anemoi.training.diagnostics.callbacks.plot][INFO] - Saved plot: /scratch3/NCEPDEV/fv3-cam/Ting.Lei/tlei-anemoi-training/base_3_v1_graphtransformer_finer_graph_v1_single_input_refc_input_no_hydrometeors/verify_3h_day20240505/plots/5a4203f8-8bf4-4e66-bd92-4726084c4588/plots/pred_val_sample_data_rstep01_out00_valid20240505T190000_rank0_vars_ugrd_500-ugrd_200-vgrd_925-vgrd_850-vgrd_500-vgrd_200_chunk02__epoch000.png
[2026-05-22 05:15:55,672][anemoi.training.diagnostics.callbacks.plot][INFO] - PlotSample debug dataset=data batch=0017 rstep=02 out=00 vars=ugrd_500,ugrd_200,vgrd_925,vgrd_850,vgrd_500,vgrd_200 | latlon: finite_nodes=310241/310241 lat=[25,39.9842] lon=[-105,-90.0158] | input: finite=6825302/6825302 min=-21.8684 max=101549 | target: finite=6459178/6825302 min=-22.1705 max=101606 | pred: finite=6459178/6825302 min=-21.8684 max=101549
[2026-05-22 05:16:19,048][anemoi.training.diagnostics.callbacks.plot][INFO] - Saved plot: /scratch3/NCEPDEV/fv3-cam/Ting.Lei/tlei-anemoi-training/base_3_v1_graphtransformer_finer_graph_v1_single_input_refc_input_no_hydrometeors/verify_3h_day20240505/plots/5a4203f8-8bf4-4e66-bd92-4726084c4588/plots/pred_val_sample_data_rstep02_out00_valid20240505T200000_rank0_vars_ugrd_500-ugrd_200-vgrd_925-vgrd_850-vgrd_500-vgrd_200_chunk02__epoch000.png
[2026-05-22 05:16:20,550][anemoi.training.diagnostics.callbacks.export_predictions][INFO] - Exported predictions/targets to /scratch3/NCEPDEV/fv3-cam/Ting.Lei/tlei-anemoi-training/base_3_v1_graphtransformer_finer_graph_v1_single_input_refc_input_no_hydrometeors/verify_3h_day20240505/predictions/pred_target_epoch000_batch0017.*
Validation DataLoader 0: |          | 18/? [1:17:19<00:00,  0.00it/s][2026-05-22 05:16:21,418][anemoi.training.diagnostics.callbacks.plot][INFO] - PlotSample debug dataset=data batch=0018 rstep=00 out=00 vars=refc,pres_0g,height_925,height_850,height_500,height_200... | latlon: finite_nodes=310241/310241 lat=[25,39.9842] lon=[-105,-90.0158] | input: finite=6825302/6825302 min=-21.0721 max=101760 | target: finite=6459178/6825302 min=-20 max=101823 | pred: finite=6459178/6825302 min=-20.7549 max=101760
[2026-05-22 05:16:52,304][anemoi.training.diagnostics.callbacks.plot][INFO] - Saved plot: /scratch3/NCEPDEV/fv3-cam/Ting.Lei/tlei-anemoi-training/base_3_v1_graphtransformer_finer_graph_v1_single_input_refc_input_no_hydrometeors/verify_3h_day20240505/plots/5a4203f8-8bf4-4e66-bd92-4726084c4588/plots/pred_val_sample_data_rstep00_out00_valid20240505T190000_rank0_vars8_refc_temp_850_chunk00__epoch000.png
[2026-05-22 05:16:52,338][anemoi.training.diagnostics.callbacks.plot][INFO] - PlotSample debug dataset=data batch=0018 rstep=01 out=00 vars=refc,pres_0g,height_925,height_850,height_500,height_200... | latlon: finite_nodes=310241/310241 lat=[25,39.9842] lon=[-105,-90.0158] | input: finite=6825302/6825302 min=-21.0721 max=101760 | target: finite=6459178/6825302 min=-20 max=101779 | pred: finite=6459178/6825302 min=-20.7549 max=101760
[2026-05-22 05:17:23,373][anemoi.training.diagnostics.callbacks.plot][INFO] - Saved plot: /scratch3/NCEPDEV/fv3-cam/Ting.Lei/tlei-anemoi-training/base_3_v1_graphtransformer_finer_graph_v1_single_input_refc_input_no_hydrometeors/verify_3h_day20240505/plots/5a4203f8-8bf4-4e66-bd92-4726084c4588/plots/pred_val_sample_data_rstep01_out00_valid20240505T200000_rank0_vars8_refc_temp_850_chunk00__epoch000.png
[2026-05-22 05:17:23,424][anemoi.training.diagnostics.callbacks.plot][INFO] - PlotSample debug dataset=data batch=0018 rstep=02 out=00 vars=refc,pres_0g,height_925,height_850,height_500,height_200... | latlon: finite_nodes=310241/310241 lat=[25,39.9842] lon=[-105,-90.0158] | input: finite=6825302/6825302 min=-21.0721 max=101760 | target: finite=6459178/6825302 min=-23.4456 max=101710 | pred: finite=6459178/6825302 min=-20.7549 max=101760
[2026-05-22 05:17:54,718][anemoi.training.diagnostics.callbacks.plot][INFO] - Saved plot: /scratch3/NCEPDEV/fv3-cam/Ting.Lei/tlei-anemoi-training/base_3_v1_graphtransformer_finer_graph_v1_single_input_refc_input_no_hydrometeors/verify_3h_day20240505/plots/5a4203f8-8bf4-4e66-bd92-4726084c4588/plots/pred_val_sample_data_rstep02_out00_valid20240505T210000_rank0_vars8_refc_temp_850_chunk00__epoch000.png
[2026-05-22 05:17:54,767][anemoi.training.diagnostics.callbacks.plot][INFO] - PlotSample debug dataset=data batch=0018 rstep=00 out=00 vars=temp_500,temp_200,sphum_925,sphum_850,sphum_500,sphum_200... | latlon: finite_nodes=310241/310241 lat=[25,39.9842] lon=[-105,-90.0158] | input: finite=6825302/6825302 min=-21.0721 max=101760 | target: finite=6459178/6825302 min=-20 max=101823 | pred: finite=6459178/6825302 min=-20.7549 max=101760
[2026-05-22 05:18:25,641][anemoi.training.diagnostics.callbacks.plot][INFO] - Saved plot: /scratch3/NCEPDEV/fv3-cam/Ting.Lei/tlei-anemoi-training/base_3_v1_graphtransformer_finer_graph_v1_single_input_refc_input_no_hydrometeors/verify_3h_day20240505/plots/5a4203f8-8bf4-4e66-bd92-4726084c4588/plots/pred_val_sample_data_rstep00_out00_valid20240505T190000_rank0_vars8_temp_500_ugrd_850_chunk01__epoch000.png
[2026-05-22 05:18:25,698][anemoi.training.diagnostics.callbacks.plot][INFO] - PlotSample debug dataset=data batch=0018 rstep=01 out=00 vars=temp_500,temp_200,sphum_925,sphum_850,sphum_500,sphum_200... | latlon: finite_nodes=310241/310241 lat=[25,39.9842] lon=[-105,-90.0158] | input: finite=6825302/6825302 min=-21.0721 max=101760 | target: finite=6459178/6825302 min=-20 max=101779 | pred: finite=6459178/6825302 min=-20.7549 max=101760
[2026-05-22 05:18:57,042][anemoi.training.diagnostics.callbacks.plot][INFO] - Saved plot: /scratch3/NCEPDEV/fv3-cam/Ting.Lei/tlei-anemoi-training/base_3_v1_graphtransformer_finer_graph_v1_single_input_refc_input_no_hydrometeors/verify_3h_day20240505/plots/5a4203f8-8bf4-4e66-bd92-4726084c4588/plots/pred_val_sample_data_rstep01_out00_valid20240505T200000_rank0_vars8_temp_500_ugrd_850_chunk01__epoch000.png
[2026-05-22 05:18:57,091][anemoi.training.diagnostics.callbacks.plot][INFO] - PlotSample debug dataset=data batch=0018 rstep=02 out=00 vars=temp_500,temp_200,sphum_925,sphum_850,sphum_500,sphum_200... | latlon: finite_nodes=310241/310241 lat=[25,39.9842] lon=[-105,-90.0158] | input: finite=6825302/6825302 min=-21.0721 max=101760 | target: finite=6459178/6825302 min=-23.4456 max=101710 | pred: finite=6459178/6825302 min=-20.7549 max=101760
[2026-05-22 05:19:28,410][anemoi.training.diagnostics.callbacks.plot][INFO] - Saved plot: /scratch3/NCEPDEV/fv3-cam/Ting.Lei/tlei-anemoi-training/base_3_v1_graphtransformer_finer_graph_v1_single_input_refc_input_no_hydrometeors/verify_3h_day20240505/plots/5a4203f8-8bf4-4e66-bd92-4726084c4588/plots/pred_val_sample_data_rstep02_out00_valid20240505T210000_rank0_vars8_temp_500_ugrd_850_chunk01__epoch000.png
[2026-05-22 05:19:28,468][anemoi.training.diagnostics.callbacks.plot][INFO] - PlotSample debug dataset=data batch=0018 rstep=00 out=00 vars=ugrd_500,ugrd_200,vgrd_925,vgrd_850,vgrd_500,vgrd_200 | latlon: finite_nodes=310241/310241 lat=[25,39.9842] lon=[-105,-90.0158] | input: finite=6825302/6825302 min=-21.0721 max=101760 | target: finite=6459178/6825302 min=-20 max=101823 | pred: finite=6459178/6825302 min=-20.7549 max=101760
[2026-05-22 05:19:51,683][anemoi.training.diagnostics.callbacks.plot][INFO] - Saved plot: /scratch3/NCEPDEV/fv3-cam/Ting.Lei/tlei-anemoi-training/base_3_v1_graphtransformer_finer_graph_v1_single_input_refc_input_no_hydrometeors/verify_3h_day20240505/plots/5a4203f8-8bf4-4e66-bd92-4726084c4588/plots/pred_val_sample_data_rstep00_out00_valid20240505T190000_rank0_vars_ugrd_500-ugrd_200-vgrd_925-vgrd_850-vgrd_500-vgrd_200_chunk02__epoch000.png
[2026-05-22 05:19:51,734][anemoi.training.diagnostics.callbacks.plot][INFO] - PlotSample debug dataset=data batch=0018 rstep=01 out=00 vars=ugrd_500,ugrd_200,vgrd_925,vgrd_850,vgrd_500,vgrd_200 | latlon: finite_nodes=310241/310241 lat=[25,39.9842] lon=[-105,-90.0158] | input: finite=6825302/6825302 min=-21.0721 max=101760 | target: finite=6459178/6825302 min=-20 max=101779 | pred: finite=6459178/6825302 min=-20.7549 max=101760
[2026-05-22 05:20:15,283][anemoi.training.diagnostics.callbacks.plot][INFO] - Saved plot: /scratch3/NCEPDEV/fv3-cam/Ting.Lei/tlei-anemoi-training/base_3_v1_graphtransformer_finer_graph_v1_single_input_refc_input_no_hydrometeors/verify_3h_day20240505/plots/5a4203f8-8bf4-4e66-bd92-4726084c4588/plots/pred_val_sample_data_rstep01_out00_valid20240505T200000_rank0_vars_ugrd_500-ugrd_200-vgrd_925-vgrd_850-vgrd_500-vgrd_200_chunk02__epoch000.png
[2026-05-22 05:20:15,332][anemoi.training.diagnostics.callbacks.plot][INFO] - PlotSample debug dataset=data batch=0018 rstep=02 out=00 vars=ugrd_500,ugrd_200,vgrd_925,vgrd_850,vgrd_500,vgrd_200 | latlon: finite_nodes=310241/310241 lat=[25,39.9842] lon=[-105,-90.0158] | input: finite=6825302/6825302 min=-21.0721 max=101760 | target: finite=6459178/6825302 min=-23.4456 max=101710 | pred: finite=6459178/6825302 min=-20.7549 max=101760
[2026-05-22 05:20:38,727][anemoi.training.diagnostics.callbacks.plot][INFO] - Saved plot: /scratch3/NCEPDEV/fv3-cam/Ting.Lei/tlei-anemoi-training/base_3_v1_graphtransformer_finer_graph_v1_single_input_refc_input_no_hydrometeors/verify_3h_day20240505/plots/5a4203f8-8bf4-4e66-bd92-4726084c4588/plots/pred_val_sample_data_rstep02_out00_valid20240505T210000_rank0_vars_ugrd_500-ugrd_200-vgrd_925-vgrd_850-vgrd_500-vgrd_200_chunk02__epoch000.png
[2026-05-22 05:20:39,250][anemoi.training.diagnostics.callbacks.export_predictions][INFO] - Exported predictions/targets to /scratch3/NCEPDEV/fv3-cam/Ting.Lei/tlei-anemoi-training/base_3_v1_graphtransformer_finer_graph_v1_single_input_refc_input_no_hydrometeors/verify_3h_day20240505/predictions/pred_target_epoch000_batch0018.*
Validation DataLoader 0: |          | 19/? [1:21:38<00:00,  0.00it/s][2026-05-22 05:20:40,391][anemoi.training.diagnostics.callbacks.plot][INFO] - PlotSample debug dataset=data batch=0019 rstep=00 out=00 vars=refc,pres_0g,height_925,height_850,height_500,height_200... | latlon: finite_nodes=310241/310241 lat=[25,39.9842] lon=[-105,-90.0158] | input: finite=6825302/6825302 min=-33.0153 max=101651 | target: finite=6459178/6825302 min=-23.4727 max=101538 | pred: finite=6459178/6825302 min=-33.0153 max=101651
[2026-05-22 05:21:11,631][anemoi.training.diagnostics.callbacks.plot][INFO] - Saved plot: /scratch3/NCEPDEV/fv3-cam/Ting.Lei/tlei-anemoi-training/base_3_v1_graphtransformer_finer_graph_v1_single_input_refc_input_no_hydrometeors/verify_3h_day20240505/plots/5a4203f8-8bf4-4e66-bd92-4726084c4588/plots/pred_val_sample_data_rstep00_out00_valid20240505T200000_rank0_vars8_refc_temp_850_chunk00__epoch000.png
[2026-05-22 05:21:11,680][anemoi.training.diagnostics.callbacks.plot][INFO] - PlotSample debug dataset=data batch=0019 rstep=01 out=00 vars=refc,pres_0g,height_925,height_850,height_500,height_200... | latlon: finite_nodes=310241/310241 lat=[25,39.9842] lon=[-105,-90.0158] | input: finite=6825302/6825302 min=-33.0153 max=101651 | target: finite=6459178/6825302 min=-28.3195 max=101565 | pred: finite=6459178/6825302 min=-33.0153 max=101651
[2026-05-22 05:21:42,845][anemoi.training.diagnostics.callbacks.plot][INFO] - Saved plot: /scratch3/NCEPDEV/fv3-cam/Ting.Lei/tlei-anemoi-training/base_3_v1_graphtransformer_finer_graph_v1_single_input_refc_input_no_hydrometeors/verify_3h_day20240505/plots/5a4203f8-8bf4-4e66-bd92-4726084c4588/plots/pred_val_sample_data_rstep01_out00_valid20240505T210000_rank0_vars8_refc_temp_850_chunk00__epoch000.png
[2026-05-22 05:21:42,900][anemoi.training.diagnostics.callbacks.plot][INFO] - PlotSample debug dataset=data batch=0019 rstep=02 out=00 vars=refc,pres_0g,height_925,height_850,height_500,height_200... | latlon: finite_nodes=310241/310241 lat=[25,39.9842] lon=[-105,-90.0158] | input: finite=6825302/6825302 min=-33.0153 max=101651 | target: finite=6459178/6825302 min=-34.0035 max=101515 | pred: finite=6459178/6825302 min=-33.0153 max=101651
[2026-05-22 05:22:14,195][anemoi.training.diagnostics.callbacks.plot][INFO] - Saved plot: /scratch3/NCEPDEV/fv3-cam/Ting.Lei/tlei-anemoi-training/base_3_v1_graphtransformer_finer_graph_v1_single_input_refc_input_no_hydrometeors/verify_3h_day20240505/plots/5a4203f8-8bf4-4e66-bd92-4726084c4588/plots/pred_val_sample_data_rstep02_out00_valid20240505T220000_rank0_vars8_refc_temp_850_chunk00__epoch000.png
[2026-05-22 05:22:14,244][anemoi.training.diagnostics.callbacks.plot][INFO] - PlotSample debug dataset=data batch=0019 rstep=00 out=00 vars=temp_500,temp_200,sphum_925,sphum_850,sphum_500,sphum_200... | latlon: finite_nodes=310241/310241 lat=[25,39.9842] lon=[-105,-90.0158] | input: finite=6825302/6825302 min=-33.0153 max=101651 | target: finite=6459178/6825302 min=-23.4727 max=101538 | pred: finite=6459178/6825302 min=-33.0153 max=101651
[2026-05-22 05:22:44,992][anemoi.training.diagnostics.callbacks.plot][INFO] - Saved plot: /scratch3/NCEPDEV/fv3-cam/Ting.Lei/tlei-anemoi-training/base_3_v1_graphtransformer_finer_graph_v1_single_input_refc_input_no_hydrometeors/verify_3h_day20240505/plots/5a4203f8-8bf4-4e66-bd92-4726084c4588/plots/pred_val_sample_data_rstep00_out00_valid20240505T200000_rank0_vars8_temp_500_ugrd_850_chunk01__epoch000.png
[2026-05-22 05:22:45,045][anemoi.training.diagnostics.callbacks.plot][INFO] - PlotSample debug dataset=data batch=0019 rstep=01 out=00 vars=temp_500,temp_200,sphum_925,sphum_850,sphum_500,sphum_200... | latlon: finite_nodes=310241/310241 lat=[25,39.9842] lon=[-105,-90.0158] | input: finite=6825302/6825302 min=-33.0153 max=101651 | target: finite=6459178/6825302 min=-28.3195 max=101565 | pred: finite=6459178/6825302 min=-33.0153 max=101651
[2026-05-22 05:23:16,398][anemoi.training.diagnostics.callbacks.plot][INFO] - Saved plot: /scratch3/NCEPDEV/fv3-cam/Ting.Lei/tlei-anemoi-training/base_3_v1_graphtransformer_finer_graph_v1_single_input_refc_input_no_hydrometeors/verify_3h_day20240505/plots/5a4203f8-8bf4-4e66-bd92-4726084c4588/plots/pred_val_sample_data_rstep01_out00_valid20240505T210000_rank0_vars8_temp_500_ugrd_850_chunk01__epoch000.png
[2026-05-22 05:23:16,450][anemoi.training.diagnostics.callbacks.plot][INFO] - PlotSample debug dataset=data batch=0019 rstep=02 out=00 vars=temp_500,temp_200,sphum_925,sphum_850,sphum_500,sphum_200... | latlon: finite_nodes=310241/310241 lat=[25,39.9842] lon=[-105,-90.0158] | input: finite=6825302/6825302 min=-33.0153 max=101651 | target: finite=6459178/6825302 min=-34.0035 max=101515 | pred: finite=6459178/6825302 min=-33.0153 max=101651
[2026-05-22 05:23:47,855][anemoi.training.diagnostics.callbacks.plot][INFO] - Saved plot: /scratch3/NCEPDEV/fv3-cam/Ting.Lei/tlei-anemoi-training/base_3_v1_graphtransformer_finer_graph_v1_single_input_refc_input_no_hydrometeors/verify_3h_day20240505/plots/5a4203f8-8bf4-4e66-bd92-4726084c4588/plots/pred_val_sample_data_rstep02_out00_valid20240505T220000_rank0_vars8_temp_500_ugrd_850_chunk01__epoch000.png
[2026-05-22 05:23:47,908][anemoi.training.diagnostics.callbacks.plot][INFO] - PlotSample debug dataset=data batch=0019 rstep=00 out=00 vars=ugrd_500,ugrd_200,vgrd_925,vgrd_850,vgrd_500,vgrd_200 | latlon: finite_nodes=310241/310241 lat=[25,39.9842] lon=[-105,-90.0158] | input: finite=6825302/6825302 min=-33.0153 max=101651 | target: finite=6459178/6825302 min=-23.4727 max=101538 | pred: finite=6459178/6825302 min=-33.0153 max=101651
[2026-05-22 05:24:11,200][anemoi.training.diagnostics.callbacks.plot][INFO] - Saved plot: /scratch3/NCEPDEV/fv3-cam/Ting.Lei/tlei-anemoi-training/base_3_v1_graphtransformer_finer_graph_v1_single_input_refc_input_no_hydrometeors/verify_3h_day20240505/plots/5a4203f8-8bf4-4e66-bd92-4726084c4588/plots/pred_val_sample_data_rstep00_out00_valid20240505T200000_rank0_vars_ugrd_500-ugrd_200-vgrd_925-vgrd_850-vgrd_500-vgrd_200_chunk02__epoch000.png
[2026-05-22 05:24:11,244][anemoi.training.diagnostics.callbacks.plot][INFO] - PlotSample debug dataset=data batch=0019 rstep=01 out=00 vars=ugrd_500,ugrd_200,vgrd_925,vgrd_850,vgrd_500,vgrd_200 | latlon: finite_nodes=310241/310241 lat=[25,39.9842] lon=[-105,-90.0158] | input: finite=6825302/6825302 min=-33.0153 max=101651 | target: finite=6459178/6825302 min=-28.3195 max=101565 | pred: finite=6459178/6825302 min=-33.0153 max=101651
[2026-05-22 05:24:35,266][anemoi.training.diagnostics.callbacks.plot][INFO] - Saved plot: /scratch3/NCEPDEV/fv3-cam/Ting.Lei/tlei-anemoi-training/base_3_v1_graphtransformer_finer_graph_v1_single_input_refc_input_no_hydrometeors/verify_3h_day20240505/plots/5a4203f8-8bf4-4e66-bd92-4726084c4588/plots/pred_val_sample_data_rstep01_out00_valid20240505T210000_rank0_vars_ugrd_500-ugrd_200-vgrd_925-vgrd_850-vgrd_500-vgrd_200_chunk02__epoch000.png
[2026-05-22 05:24:35,383][anemoi.training.diagnostics.callbacks.plot][INFO] - PlotSample debug dataset=data batch=0019 rstep=02 out=00 vars=ugrd_500,ugrd_200,vgrd_925,vgrd_850,vgrd_500,vgrd_200 | latlon: finite_nodes=310241/310241 lat=[25,39.9842] lon=[-105,-90.0158] | input: finite=6825302/6825302 min=-33.0153 max=101651 | target: finite=6459178/6825302 min=-34.0035 max=101515 | pred: finite=6459178/6825302 min=-33.0153 max=101651
[2026-05-22 05:24:58,829][anemoi.training.diagnostics.callbacks.plot][INFO] - Saved plot: /scratch3/NCEPDEV/fv3-cam/Ting.Lei/tlei-anemoi-training/base_3_v1_graphtransformer_finer_graph_v1_single_input_refc_input_no_hydrometeors/verify_3h_day20240505/plots/5a4203f8-8bf4-4e66-bd92-4726084c4588/plots/pred_val_sample_data_rstep02_out00_valid20240505T220000_rank0_vars_ugrd_500-ugrd_200-vgrd_925-vgrd_850-vgrd_500-vgrd_200_chunk02__epoch000.png
[2026-05-22 05:24:59,297][anemoi.training.diagnostics.callbacks.export_predictions][INFO] - Exported predictions/targets to /scratch3/NCEPDEV/fv3-cam/Ting.Lei/tlei-anemoi-training/base_3_v1_graphtransformer_finer_graph_v1_single_input_refc_input_no_hydrometeors/verify_3h_day20240505/predictions/pred_target_epoch000_batch0019.*
Validation DataLoader 0: |          | 20/? [1:25:58<00:00,  0.00it/s][2026-05-22 05:25:00,180][anemoi.training.diagnostics.callbacks.plot][INFO] - PlotSample debug dataset=data batch=0020 rstep=00 out=00 vars=refc,pres_0g,height_925,height_850,height_500,height_200... | latlon: finite_nodes=310241/310241 lat=[25,39.9842] lon=[-105,-90.0158] | input: finite=6825302/6825302 min=-26.5374 max=101543 | target: finite=6459178/6825302 min=-27.179 max=101482 | pred: finite=6459178/6825302 min=-26.5374 max=101534
[2026-05-22 05:25:31,397][anemoi.training.diagnostics.callbacks.plot][INFO] - Saved plot: /scratch3/NCEPDEV/fv3-cam/Ting.Lei/tlei-anemoi-training/base_3_v1_graphtransformer_finer_graph_v1_single_input_refc_input_no_hydrometeors/verify_3h_day20240505/plots/5a4203f8-8bf4-4e66-bd92-4726084c4588/plots/pred_val_sample_data_rstep00_out00_valid20240505T210000_rank0_vars8_refc_temp_850_chunk00__epoch000.png
[2026-05-22 05:25:31,432][anemoi.training.diagnostics.callbacks.plot][INFO] - PlotSample debug dataset=data batch=0020 rstep=01 out=00 vars=refc,pres_0g,height_925,height_850,height_500,height_200... | latlon: finite_nodes=310241/310241 lat=[25,39.9842] lon=[-105,-90.0158] | input: finite=6825302/6825302 min=-26.5374 max=101543 | target: finite=6459178/6825302 min=-28.292 max=101455 | pred: finite=6459178/6825302 min=-26.5374 max=101534
[2026-05-22 05:26:02,593][anemoi.training.diagnostics.callbacks.plot][INFO] - Saved plot: /scratch3/NCEPDEV/fv3-cam/Ting.Lei/tlei-anemoi-training/base_3_v1_graphtransformer_finer_graph_v1_single_input_refc_input_no_hydrometeors/verify_3h_day20240505/plots/5a4203f8-8bf4-4e66-bd92-4726084c4588/plots/pred_val_sample_data_rstep01_out00_valid20240505T220000_rank0_vars8_refc_temp_850_chunk00__epoch000.png
[2026-05-22 05:26:02,642][anemoi.training.diagnostics.callbacks.plot][INFO] - PlotSample debug dataset=data batch=0020 rstep=02 out=00 vars=refc,pres_0g,height_925,height_850,height_500,height_200... | latlon: finite_nodes=310241/310241 lat=[25,39.9842] lon=[-105,-90.0158] | input: finite=6825302/6825302 min=-26.5374 max=101543 | target: finite=6459178/6825302 min=-25.0468 max=101401 | pred: finite=6459178/6825302 min=-26.5374 max=101534
[2026-05-22 05:26:33,555][anemoi.training.diagnostics.callbacks.plot][INFO] - Saved plot: /scratch3/NCEPDEV/fv3-cam/Ting.Lei/tlei-anemoi-training/base_3_v1_graphtransformer_finer_graph_v1_single_input_refc_input_no_hydrometeors/verify_3h_day20240505/plots/5a4203f8-8bf4-4e66-bd92-4726084c4588/plots/pred_val_sample_data_rstep02_out00_valid20240505T230000_rank0_vars8_refc_temp_850_chunk00__epoch000.png
[2026-05-22 05:26:33,609][anemoi.training.diagnostics.callbacks.plot][INFO] - PlotSample debug dataset=data batch=0020 rstep=00 out=00 vars=temp_500,temp_200,sphum_925,sphum_850,sphum_500,sphum_200... | latlon: finite_nodes=310241/310241 lat=[25,39.9842] lon=[-105,-90.0158] | input: finite=6825302/6825302 min=-26.5374 max=101543 | target: finite=6459178/6825302 min=-27.179 max=101482 | pred: finite=6459178/6825302 min=-26.5374 max=101534
[2026-05-22 05:27:04,959][anemoi.training.diagnostics.callbacks.plot][INFO] - Saved plot: /scratch3/NCEPDEV/fv3-cam/Ting.Lei/tlei-anemoi-training/base_3_v1_graphtransformer_finer_graph_v1_single_input_refc_input_no_hydrometeors/verify_3h_day20240505/plots/5a4203f8-8bf4-4e66-bd92-4726084c4588/plots/pred_val_sample_data_rstep00_out00_valid20240505T210000_rank0_vars8_temp_500_ugrd_850_chunk01__epoch000.png
[2026-05-22 05:27:05,013][anemoi.training.diagnostics.callbacks.plot][INFO] - PlotSample debug dataset=data batch=0020 rstep=01 out=00 vars=temp_500,temp_200,sphum_925,sphum_850,sphum_500,sphum_200... | latlon: finite_nodes=310241/310241 lat=[25,39.9842] lon=[-105,-90.0158] | input: finite=6825302/6825302 min=-26.5374 max=101543 | target: finite=6459178/6825302 min=-28.292 max=101455 | pred: finite=6459178/6825302 min=-26.5374 max=101534
[2026-05-22 05:27:36,378][anemoi.training.diagnostics.callbacks.plot][INFO] - Saved plot: /scratch3/NCEPDEV/fv3-cam/Ting.Lei/tlei-anemoi-training/base_3_v1_graphtransformer_finer_graph_v1_single_input_refc_input_no_hydrometeors/verify_3h_day20240505/plots/5a4203f8-8bf4-4e66-bd92-4726084c4588/plots/pred_val_sample_data_rstep01_out00_valid20240505T220000_rank0_vars8_temp_500_ugrd_850_chunk01__epoch000.png
[2026-05-22 05:27:36,423][anemoi.training.diagnostics.callbacks.plot][INFO] - PlotSample debug dataset=data batch=0020 rstep=02 out=00 vars=temp_500,temp_200,sphum_925,sphum_850,sphum_500,sphum_200... | latlon: finite_nodes=310241/310241 lat=[25,39.9842] lon=[-105,-90.0158] | input: finite=6825302/6825302 min=-26.5374 max=101543 | target: finite=6459178/6825302 min=-25.0468 max=101401 | pred: finite=6459178/6825302 min=-26.5374 max=101534
[2026-05-22 05:28:07,408][anemoi.training.diagnostics.callbacks.plot][INFO] - Saved plot: /scratch3/NCEPDEV/fv3-cam/Ting.Lei/tlei-anemoi-training/base_3_v1_graphtransformer_finer_graph_v1_single_input_refc_input_no_hydrometeors/verify_3h_day20240505/plots/5a4203f8-8bf4-4e66-bd92-4726084c4588/plots/pred_val_sample_data_rstep02_out00_valid20240505T230000_rank0_vars8_temp_500_ugrd_850_chunk01__epoch000.png
[2026-05-22 05:28:07,453][anemoi.training.diagnostics.callbacks.plot][INFO] - PlotSample debug dataset=data batch=0020 rstep=00 out=00 vars=ugrd_500,ugrd_200,vgrd_925,vgrd_850,vgrd_500,vgrd_200 | latlon: finite_nodes=310241/310241 lat=[25,39.9842] lon=[-105,-90.0158] | input: finite=6825302/6825302 min=-26.5374 max=101543 | target: finite=6459178/6825302 min=-27.179 max=101482 | pred: finite=6459178/6825302 min=-26.5374 max=101534
[2026-05-22 05:28:31,091][anemoi.training.diagnostics.callbacks.plot][INFO] - Saved plot: /scratch3/NCEPDEV/fv3-cam/Ting.Lei/tlei-anemoi-training/base_3_v1_graphtransformer_finer_graph_v1_single_input_refc_input_no_hydrometeors/verify_3h_day20240505/plots/5a4203f8-8bf4-4e66-bd92-4726084c4588/plots/pred_val_sample_data_rstep00_out00_valid20240505T210000_rank0_vars_ugrd_500-ugrd_200-vgrd_925-vgrd_850-vgrd_500-vgrd_200_chunk02__epoch000.png
[2026-05-22 05:28:31,141][anemoi.training.diagnostics.callbacks.plot][INFO] - PlotSample debug dataset=data batch=0020 rstep=01 out=00 vars=ugrd_500,ugrd_200,vgrd_925,vgrd_850,vgrd_500,vgrd_200 | latlon: finite_nodes=310241/310241 lat=[25,39.9842] lon=[-105,-90.0158] | input: finite=6825302/6825302 min=-26.5374 max=101543 | target: finite=6459178/6825302 min=-28.292 max=101455 | pred: finite=6459178/6825302 min=-26.5374 max=101534
[2026-05-22 05:28:54,622][anemoi.training.diagnostics.callbacks.plot][INFO] - Saved plot: /scratch3/NCEPDEV/fv3-cam/Ting.Lei/tlei-anemoi-training/base_3_v1_graphtransformer_finer_graph_v1_single_input_refc_input_no_hydrometeors/verify_3h_day20240505/plots/5a4203f8-8bf4-4e66-bd92-4726084c4588/plots/pred_val_sample_data_rstep01_out00_valid20240505T220000_rank0_vars_ugrd_500-ugrd_200-vgrd_925-vgrd_850-vgrd_500-vgrd_200_chunk02__epoch000.png
[2026-05-22 05:28:54,667][anemoi.training.diagnostics.callbacks.plot][INFO] - PlotSample debug dataset=data batch=0020 rstep=02 out=00 vars=ugrd_500,ugrd_200,vgrd_925,vgrd_850,vgrd_500,vgrd_200 | latlon: finite_nodes=310241/310241 lat=[25,39.9842] lon=[-105,-90.0158] | input: finite=6825302/6825302 min=-26.5374 max=101543 | target: finite=6459178/6825302 min=-25.0468 max=101401 | pred: finite=6459178/6825302 min=-26.5374 max=101534
[2026-05-22 05:29:17,951][anemoi.training.diagnostics.callbacks.plot][INFO] - Saved plot: /scratch3/NCEPDEV/fv3-cam/Ting.Lei/tlei-anemoi-training/base_3_v1_graphtransformer_finer_graph_v1_single_input_refc_input_no_hydrometeors/verify_3h_day20240505/plots/5a4203f8-8bf4-4e66-bd92-4726084c4588/plots/pred_val_sample_data_rstep02_out00_valid20240505T230000_rank0_vars_ugrd_500-ugrd_200-vgrd_925-vgrd_850-vgrd_500-vgrd_200_chunk02__epoch000.png
[2026-05-22 05:29:18,757][anemoi.training.diagnostics.callbacks.export_predictions][INFO] - Exported predictions/targets to /scratch3/NCEPDEV/fv3-cam/Ting.Lei/tlei-anemoi-training/base_3_v1_graphtransformer_finer_graph_v1_single_input_refc_input_no_hydrometeors/verify_3h_day20240505/predictions/pred_target_epoch000_batch0020.*
Validation DataLoader 0: |          | 21/? [1:30:17<00:00,  0.00it/s]Validation DataLoader 0: |          | 21/? [1:30:17<00:00,  0.00it/s]
[2026-05-22 05:29:19,458][anemoi.training.diagnostics.callbacks.plot][INFO] - Teardown of the Plot Callback ...
